PRIMARY TITLE,MLC SONG CODE,MEMBERS SONG ID,ISWC,AKA TITLE,AKA TITLE TYPE CODE,WRITER LAST NAME,WRITER FIRST NAME,WRITER IPI NUMBER,WRITER ROLE CODE,MLC PUBLISHER NUMBER,PUBLISHER NAME,PUBLISHER IPI NUMBER,ADMINISTRATOR MLC PUBLISHER NUMBER,ADMINISTRATOR NAME,COLLECTION SHARE,RECORDING TITLE,RECORDING ARTIST NAME,RECORDING ISRC,RECORDING LABEL
Assertion,,DSR-ASCAP-200,,,, Khdour,Jumana,,CA,,DirtySnatcha Records Publishing,1238282844,,,100,Assertion,Aalioura,QZWDD2238845,DirtySnatcha Records
Kinda Sus,,DSR-ASCAP-201,,,,Torres,Joseph,,CA,,DirtySnatcha Records Publishing,1238282844,,,100,Kinda Sus,Akronym,GBRKQ2026555,DirtySnatcha Records
Ground N' Pound,,DSR-ASCAP-202,,,,Torres,Joseph Ely,,CA,,DirtySnatcha Records Publishing,1238282844,,,100,Ground N' Pound,"Akronym, FIGMVNT",GBRKQ2274076,DirtySnatcha Records
Ground N' Pound,,DSR-ASCAP-202,,,,May,Christopher,,CA,,DirtySnatcha Records Publishing,1238282844,,,100,Ground N' Pound,"Akronym, FIGMVNT",GBRKQ2274076,DirtySnatcha Records
Spectre Season,,DSR-ASCAP-203,,,,Davies,Jack,,CA,,DirtySnatcha Records Publishing,1238282844,,,100,Spectre Season,Artifact,QZWDD2336449,DirtySnatcha Records
Killas,,DSR-ASCAP-204,,,,Lopez,Aaron,,CA,,DirtySnatcha Records Publishing,1238282844,,,100,Killas,"Bandido, TMBRWLF",QZZ8B2315613,DirtySnatcha Records
Killas,,DSR-ASCAP-204,,,,Potter,Andrew,,CA,,DirtySnatcha Records Publishing,1238282844,,,100,Killas,"Bandido, TMBRWLF",QZZ8B2315613,DirtySnatcha Records
MAYKYU,,DSR-ASCAP-205,,,,Swithenbank,Tanner,,CA,,DirtySnatcha Records Publishing,1238282844,,,100,MAYKYU,"BANXY, SHOCKZ",QZTRX2279102,DirtySnatcha Records
MAYKYU,,DSR-ASCAP-205,,,,Ainger,Jordon,,CA,,DirtySnatcha Records Publishing,1238282844,,,100,MAYKYU,"BANXY, SHOCKZ",QZTRX2279102,DirtySnatcha Records
Icepick,,DSR-ASCAP-206,,,,Thomas,Michael Zachary,,CA,,DirtySnatcha Records Publishing,1238282844,,,100,Icepick,Barooka,QZ5FN2445564,DirtySnatcha Records
Icepick,,DSR-ASCAP-206,,,,Silva,Mike,,CA,,DirtySnatcha Records Publishing,1238282844,,,100,Icepick,Barooka,QZ5FN2445564,DirtySnatcha Records
iDISTORT,,DSR-ASCAP-207,,,,Thomas,Michael Zachary,,CA,,DirtySnatcha Records Publishing,1238282844,,,100,iDISTORT,Barooka,QZ5FN2461919,DirtySnatcha Records
iDISTORT,,DSR-ASCAP-207,,,,Silva,Mike,,CA,,DirtySnatcha Records Publishing,1238282844,,,100,iDISTORT,Barooka,QZ5FN2461919,DirtySnatcha Records
Pressure,,DSR-ASCAP-208,,,,Thomas,Michael Zachary,,CA,,DirtySnatcha Records Publishing,1238282844,,,100,Pressure,Barooka,QZ5FN2461916,DirtySnatcha Records
Pressure,,DSR-ASCAP-208,,,,Silva,Mike,,CA,,DirtySnatcha Records Publishing,1238282844,,,100,Pressure,Barooka,QZ5FN2461916,DirtySnatcha Records
Screechboi,,DSR-ASCAP-209,,,,Thomas,Michael Zachary,,CA,,DirtySnatcha Records Publishing,1238282844,,,100,Screechboi,Barooka,QZ5FN2445584,DirtySnatcha Records
Screechboi,,DSR-ASCAP-209,,,,Silva,Mike,,CA,,DirtySnatcha Records Publishing,1238282844,,,100,Screechboi,Barooka,QZ5FN2445584,DirtySnatcha Records
Operator Error,,DSR-ASCAP-210,,,,Moreno,Michael,,CA,,DirtySnatcha Records Publishing,1238282844,,,100,Operator Error,Big City,USLZJ2403328,DirtySnatcha Records
Operator Error,,DSR-ASCAP-210,,,,Moreno,Zachary,,CA,,DirtySnatcha Records Publishing,1238282844,,,100,Operator Error,Big City,USLZJ2403328,DirtySnatcha Records
Weed Spot,,DSR-ASCAP-211,,,,Moreno,Michael,,CA,,DirtySnatcha Records Publishing,1238282844,,,100,Weed Spot,Big City,USLZJ2403314,DirtySnatcha Records
Weed Spot,,DSR-ASCAP-211,,,,Moreno,Zachary,,CA,,DirtySnatcha Records Publishing,1238282844,,,100,Weed Spot,Big City,USLZJ2403314,DirtySnatcha Records
No Problems!,,DSR-ASCAP-212,,,,Moreno,Michael,,CA,,DirtySnatcha Records Publishing,1238282844,,,100,No Problems!,"Big City, Tonzology",USLZJ2403319,DirtySnatcha Records
No Problems!,,DSR-ASCAP-212,,,,Moreno,Zachary,,CA,,DirtySnatcha Records Publishing,1238282844,,,100,No Problems!,"Big City, Tonzology",USLZJ2403319,DirtySnatcha Records
No Problems!,,DSR-ASCAP-212,,,,West,Anthony,,CA,,DirtySnatcha Records Publishing,1238282844,,,100,No Problems!,"Big City, Tonzology",USLZJ2403319,DirtySnatcha Records
Rat Patrol,,DSR-ASCAP-213,,,,Moreno,Michael,,CA,,DirtySnatcha Records Publishing,1238282844,,,100,Rat Patrol,"Big City, Tonzology",USLZJ2403323,DirtySnatcha Records
Rat Patrol,,DSR-ASCAP-213,,,,Moreno,Zachary,,CA,,DirtySnatcha Records Publishing,1238282844,,,100,Rat Patrol,"Big City, Tonzology",USLZJ2403323,DirtySnatcha Records
Rat Patrol,,DSR-ASCAP-213,,,,West,Anthony,,CA,,DirtySnatcha Records Publishing,1238282844,,,100,Rat Patrol,"Big City, Tonzology",USLZJ2403323,DirtySnatcha Records
Hyper Drive,,DSR-ASCAP-214,,,,Lynch,Aiden,,CA,,DirtySnatcha Records Publishing,1238282844,,,100,Hyper Drive,Contakt,USLZJ2046457,DirtySnatcha Records
Apparition,,DSR-ASCAP-215,,,,Dalipe,Leo Alecsis Gabriel,,CA,,DirtySnatcha Records Publishing,1238282844,,,100,Apparition,CVLVALRI,GBRKQ2204805,DirtySnatcha Records
Fog Horn,,DSR-ASCAP-216,,,,Kouri,Denny,,CA,,DirtySnatcha Records Publishing,1238282844,,,100,Fog Horn,DENNETT,QZTRX2237730,DirtySnatcha Records
Drop,,DSR-ASCAP-217,,,,Moss,Jason,,CA,,DirtySnatcha Records Publishing,1238282844,,,100,Drop,Ennaut,GBWUL2335001,DirtySnatcha Records
Wasting Time With You,,DSR-ASCAP-218,,,,Moss,Jason,,CA,,DirtySnatcha Records Publishing,1238282844,,,100,Wasting Time With You,Ennaut,QZTV32404283,DirtySnatcha Records
Back In The Jeanstalk,,DSR-ASCAP-219,,,,Haghbedeh,Sam Soheil Emille,,CA,,DirtySnatcha Records Publishing,1238282844,,,100,Back In The Jeanstalk,Fixxer,GBWUL2080849,DirtySnatcha Records
FLATLINE,,DSR-ASCAP-220,,,,Twyford,Tyler,,CA,,DirtySnatcha Records Publishing,1238282844,,,100,FLATLINE,GOMPERZ,QZZ8B2311175,DirtySnatcha Records
Power Transient,,DSR-ASCAP-221,,,,Quispe,Rubén,,CA,,DirtySnatcha Records Publishing,1238282844,,,100,Power Transient,Hexadrone,GBRKQ2053155,DirtySnatcha Records
Bloodthirsty,,DSR-ASCAP-222,,,,Campbell,Brandon,,CA,,DirtySnatcha Records Publishing,1238282844,,,100,Bloodthirsty,Howker,GBWUL1958037,DirtySnatcha Records
Whoa,,DSR-ASCAP-223,,,,Bright,Kirby,,CA,,DirtySnatcha Records Publishing,1238282844,,,100,Whoa,"KirbyBright, Devious",GBWUL2431903,DirtySnatcha Records
Whoa,,DSR-ASCAP-223,,,,Bannard,Sean,,CA,,DirtySnatcha Records Publishing,1238282844,,,100,Whoa,"KirbyBright, Devious",GBWUL2431903,DirtySnatcha Records
Break Beat,,DSR-ASCAP-224,,,,Failla,Michele,,CA,,DirtySnatcha Records Publishing,1238282844,,,100,Break Beat,Krxnik,GBWUL2005941,DirtySnatcha Records
Heartbreaker,,DSR-ASCAP-225,,,,Boyer,Guillaume,,CA,,DirtySnatcha Records Publishing,1238282844,,,100,Heartbreaker,Kryture,QZ5FN2071126,DirtySnatcha Records
Wake Up,,DSR-ASCAP-226,,,,Powers,Lucas,,CA,,DirtySnatcha Records Publishing,1238282844,,,100,Wake Up,LÜC,QZ5FN2003053,DirtySnatcha Records
Feel Like,,DSR-ASCAP-227,,,,Miller,Daniel,,CA,,DirtySnatcha Records Publishing,1238282844,,,100,Feel Like,"Morva, J.A.D.P",QZWV32351830,DirtySnatcha Records
Feel Like,,DSR-ASCAP-227,,,,Puglisi,Lorenzo,,CA,,DirtySnatcha Records Publishing,1238282844,,,100,Feel Like,"Morva, J.A.D.P",QZWV32351830,DirtySnatcha Records
Galaxy,,DSR-ASCAP-228,,,,Miller,Daniel,,CA,,DirtySnatcha Records Publishing,1238282844,,,100,Galaxy,"Morva, J.A.D.P",QZWV32351843,DirtySnatcha Records
Galaxy,,DSR-ASCAP-228,,,,Puglisi,Lorenzo,,CA,,DirtySnatcha Records Publishing,1238282844,,,100,Galaxy,"Morva, J.A.D.P",QZWV32351843,DirtySnatcha Records
Reborn,,DSR-ASCAP-229,,,,Miller,Daniel,,CA,,DirtySnatcha Records Publishing,1238282844,,,100,Reborn,"Morva, J.A.D.P",QZWV32351912,DirtySnatcha Records
Reborn,,DSR-ASCAP-229,,,,Puglisi,Lorenzo,,CA,,DirtySnatcha Records Publishing,1238282844,,,100,Reborn,"Morva, J.A.D.P",QZWV32351912,DirtySnatcha Records
Secrets,,DSR-ASCAP-230,,,,Miller,Daniel,,CA,,DirtySnatcha Records Publishing,1238282844,,,100,Secrets,"Morva, J.A.D.P",QZWV32351851,DirtySnatcha Records
Secrets,,DSR-ASCAP-230,,,,Puglisi,Lorenzo,,CA,,DirtySnatcha Records Publishing,1238282844,,,100,Secrets,"Morva, J.A.D.P",QZWV32351851,DirtySnatcha Records
Solemn,,DSR-ASCAP-231,,,,Miller,Daniel,,CA,,DirtySnatcha Records Publishing,1238282844,,,100,Solemn,"Morva, J.A.D.P, Darkmagic",QZWDE2358069,DirtySnatcha Records
Solemn,,DSR-ASCAP-231,,,,Puglisi,Lorenzo,,CA,,DirtySnatcha Records Publishing,1238282844,,,100,Solemn,"Morva, J.A.D.P, Darkmagic",QZWDE2358069,DirtySnatcha Records
Solemn,,DSR-ASCAP-231,,,,Antenozio,David,,CA,,DirtySnatcha Records Publishing,1238282844,,,100,Solemn,"Morva, J.A.D.P, Darkmagic",QZWDE2358069,DirtySnatcha Records
Waiting For,,DSR-ASCAP-232,,,,Miller,Daniel,,CA,,DirtySnatcha Records Publishing,1238282844,,,100,Waiting For,"Morva, J.A.D.P, Nightfrost",QZWV32351872,DirtySnatcha Records
Waiting For,,DSR-ASCAP-232,,,,Puglisi,Lorenzo,,CA,,DirtySnatcha Records Publishing,1238282844,,,100,Waiting For,"Morva, J.A.D.P, Nightfrost",QZWV32351872,DirtySnatcha Records
Round 2,,DSR-ASCAP-233,,,,Luster,Demetrius,,CA,,DirtySnatcha Records Publishing,1238282844,,,100,Round 2,"Nekz, Meechie Murda",QZ5FN2445592,DirtySnatcha Records
Round 2,,DSR-ASCAP-233,,,,Cata,Nahuel Ezequiel,,CA,,DirtySnatcha Records Publishing,1238282844,,,100,Round 2,"Nekz, Meechie Murda",QZ5FN2445592,DirtySnatcha Records
Tiger Kung Fu,,DSR-ASCAP-234,,,,Thomas,Royal,,CA,,DirtySnatcha Records Publishing,1238282844,,,100,Tiger Kung Fu,Neon Tiger,QZ5FN2170480,DirtySnatcha Records
Riddimption,,DSR-ASCAP-235,,,,Bara,Marti,,CA,,DirtySnatcha Records Publishing,1238282844,,,100,Riddimption,Nothing x Hurts,QZWV32419969,DirtySnatcha Records
Deviate,,DSR-ASCAP-236,,,,Brackenridge,Steven Trey,,CA,,DirtySnatcha Records Publishing,1238282844,,,100,Deviate,"Paragon, Sqishi",GBWUL2080841,DirtySnatcha Records
Suffer,,DSR-ASCAP-237,,,,Estevanott,Bardy,,CA,,DirtySnatcha Records Publishing,1238282844,,,100,Suffer,Phobos & Deimos,QZTRX2218697,DirtySnatcha Records
Suffer,,DSR-ASCAP-237,,,,Estevanott,Sebastian,,CA,,DirtySnatcha Records Publishing,1238282844,,,100,Suffer,Phobos & Deimos,QZTRX2218697,DirtySnatcha Records
FLU,,DSR-ASCAP-238,,,,White,Drew,,CA,,DirtySnatcha Records Publishing,1238282844,,,100,FLU,PROTOCOL,QZWDD2296532,DirtySnatcha Records
FLU,,DSR-ASCAP-238,,,,Page,Chad,,CA,,DirtySnatcha Records Publishing,1238282844,,,100,FLU,PROTOCOL,QZWDD2296532,DirtySnatcha Records
FLU,,DSR-ASCAP-238,,,,Kramer,Jacob,,CA,,DirtySnatcha Records Publishing,1238282844,,,100,FLU,PROTOCOL,QZWDD2296532,DirtySnatcha Records
Flashback,,DSR-ASCAP-239,,,,Smith,Chris,,CA,,DirtySnatcha Records Publishing,1238282844,,,100,Flashback,Rest N Piecez,QZTV32366742,DirtySnatcha Records
Movin,,DSR-ASCAP-240,,,,Smith,Chris,,CA,,DirtySnatcha Records Publishing,1238282844,,,100,Movin,Rest N Piecez,QZTV32374100,DirtySnatcha Records
Rudeboy,,DSR-ASCAP-241,,,,Boyer,Guillaume,,CA,,DirtySnatcha Records Publishing,1238282844,,,100,Rudeboy,"Seeing Double, Kryture",GBWUL2045907,DirtySnatcha Records
Rudeboy,,DSR-ASCAP-241,,,,Karzis,Peter,,CA,,DirtySnatcha Records Publishing,1238282844,,,100,Rudeboy,"Seeing Double, Kryture",GBWUL2045907,DirtySnatcha Records
PTSD,,DSR-ASCAP-242,,,,Ainger,Jordon,,CA,,DirtySnatcha Records Publishing,1238282844,,,100,PTSD,SHOCKZ,USLZJ2069504,DirtySnatcha Records
Liquidator,,DSR-ASCAP-243,,,,Ocampo,Mark Remwil A.,,CA,,DirtySnatcha Records Publishing,1238282844,,,100,Liquidator,Sinister Bass,GBRKQ2204555,DirtySnatcha Records
Game,,DSR-ASCAP-244,,,,Baichoo,Brandon,,CA,,DirtySnatcha Records Publishing,1238282844,,,100,Game,"Sloth, CHACKK",QZ5FN2416543,DirtySnatcha Records
Game,,DSR-ASCAP-244,,,,Kairies,Jannik,,CA,,DirtySnatcha Records Publishing,1238282844,,,100,Game,"Sloth, CHACKK",QZ5FN2416543,DirtySnatcha Records
Chin Check,,DSR-ASCAP-245,,,,Glowacki,Derek,,CA,,DirtySnatcha Records Publishing,1238282844,,,100,Chin Check,Spiritual Gangsters,GBWUL2075629,DirtySnatcha Records
Dodge Ball,,DSR-ASCAP-246,,,,Painchaud,Gabriel,,CA,,DirtySnatcha Records Publishing,1238282844,,,100,Dodge Ball,Toast,GBWUL1907096,DirtySnatcha Records
No Traces,,DSR-ASCAP-247,,,,Sagle,Tanner,,CA,,DirtySnatcha Records Publishing,1238282844,,,100,No Traces,"Trenches (US), Virg™",GBRKQ2472806,DirtySnatcha Records
No Traces,,DSR-ASCAP-247,,,,Robinson III,Virdell,,CA,,DirtySnatcha Records Publishing,1238282844,,,100,No Traces,"Trenches (US), Virg™",GBRKQ2472806,DirtySnatcha Records
Turn It Up,,DSR-ASCAP-248,,,,Chapman,David,,CA,,DirtySnatcha Records Publishing,1238282844,,,100,Turn It Up,Yunit,GBWUL2083817,DirtySnatcha Records
Back Seat,,DSR-ASCAP-249,,,,Delvenne,Michael,,CA,,DirtySnatcha Records Publishing,1238282844,,,100,Back Seat,ZURGLIN,QZTV32373987,DirtySnatcha Records
Wompem,,DSR-ASCAP-250,,,,Delvenne,Michael,,CA,,DirtySnatcha Records Publishing,1238282844,,,100,Wompem,ZURGLIN,USLZJ2318255,DirtySnatcha Records
