"PRIMARY TITLE","MLC SONG CODE","MEMBERS SONG ID","ISWC","AKA TITLE","AKA TITLE TYPE CODE","WRITER LAST NAME","WRITER FIRST NAME","WRITER IPI NUMBER","WRITER ROLE CODE","MLC PUBLISHER NUMBER","PUBLISHER NAME","PUBLISHER IPI NUMBER","ADMINISTRATOR MLC PUBLISHER NUMBER","ADMINISTRATOR NAME","COLLECTION SHARE","RECORDING TITLE","RECORDING ARTIST NAME","RECORDING ISRC","RECORDING LABEL"
"Cruisin","","DSR-061","T3303169399","","","Bray","Leigh","01017500116","CA","","LAB10 Publishing","1262829440","","","100","Cruisin","DirtySnatcha","","DirtySnatcha"
"Good Vibez","","DSR-064","T3303169708","","","Bray","Leigh","01017500116","CA","","LAB10 Publishing","1262829440","","","100","Good Vibez","DirtySnatcha","","DirtySnatcha"
"Pimpin","","DSR-071","T3303256062","","","Bray","Leigh","01017500116","CA","","LAB10 Publishing","1262829440","","","100","Pimpin","DirtySnatcha","","DirtySnatcha"
"Run It Up","","DSR-073","T3303169504","","","Bray","Leigh","01017500116","CA","","LAB10 Publishing","1262829440","","","100","Run It Up","DirtySnatcha","","DirtySnatcha"
"Shatter","","DSR-076","T3303256197","","","Bray","Leigh","01017500116","CA","","LAB10 Publishing","1262829440","","","100","Shatter","DirtySnatcha","","DirtySnatcha"
"Vibrate","","DSR-081","T3303255763","","","Bray","Leigh","01017500116","CA","","LAB10 Publishing","1262829440","","","100","Vibrate","DirtySnatcha","","DirtySnatcha"
"Voices","","DSR-082","T3303169560","","","Bray","Leigh","01017500116","CA","","LAB10 Publishing","1262829440","","","100","Voices","DirtySnatcha","","DirtySnatcha"
"Apple Sowce","","DSR-LAB-100","","","","Autolino","Anthony","","CA","","LAB10 Publishing","1262829440","","","100","Apple Sowce","Autokorekt","QZTRX2474922","DirtySnatcha Records"
"High On Life","","DSR-LAB-101","","","","Christie","Nathan","","CA","","LAB10 Publishing","1262829440","","","100","High On Life","Autokorekt, Ashclappem","QZTV32368009","DirtySnatcha Records"
"High On Life","","DSR-LAB-101","","","","Autolino","Anthony","","CA","","LAB10 Publishing","1262829440","","","100","High On Life","Autokorekt, Ashclappem","QZTV32368009","DirtySnatcha Records"
"Out Of Service","","DSR-LAB-102","","","","Autolino","Anthony","","CA","","LAB10 Publishing","1262829440","","","100","Out Of Service","Autokorekt, ChemDawg, Versace","GBWUL2192863","DirtySnatcha Records"
"Out Of Service","","DSR-LAB-102","","","","Moses","Ian","","CA","","LAB10 Publishing","1262829440","","","100","Out Of Service","Autokorekt, ChemDawg, Versace","GBWUL2192863","DirtySnatcha Records"
"Out Of Service","","DSR-LAB-102","","","","McCarthy","Joshua Versace","","CA","","LAB10 Publishing","1262829440","","","100","Out Of Service","Autokorekt, ChemDawg, Versace","GBWUL2192863","DirtySnatcha Records"
"Game Time","","DSR-LAB-103","","","","Autolino","Anthony","","CA","","LAB10 Publishing","1262829440","","","100","Game Time","Autokorekt, Eazley, Rico Act","GBWUL2023530","DirtySnatcha Records"
"Game Time","","DSR-LAB-103","","","","Rico","Alfred Mcgrew","","CA","","LAB10 Publishing","1262829440","","","100","Game Time","Autokorekt, Eazley, Rico Act","GBWUL2023530","DirtySnatcha Records"
"Game Time","","DSR-LAB-103","","","","Koivu","Terrel","","CA","","LAB10 Publishing","1262829440","","","100","Game Time","Autokorekt, Eazley, Rico Act","GBWUL2023530","DirtySnatcha Records"
"Eight Six","","DSR-LAB-104","","","","Reid","Jordan","","CA","","LAB10 Publishing","1262829440","","","100","Eight Six","BBX","QZTV32366095","DirtySnatcha Records"
"Black & Gold","","DSR-LAB-105","","","","Reid","Jordan","","CA","","LAB10 Publishing","1262829440","","","100","Black & Gold","BBX","QZTV32366677","DirtySnatcha Records"
"Shook","","DSR-LAB-106","","","","Reid","Jordan","","CA","","LAB10 Publishing","1262829440","","","100","Shook","BBX","QZTV32366682","DirtySnatcha Records"
"Crushed Glass","","DSR-LAB-107","","","","Reid","Jordan","","CA","","LAB10 Publishing","1262829440","","","100","Crushed Glass","BBX","QZTV32366684","DirtySnatcha Records"
"WESTCOAST","","DSR-LAB-108","","","","Reid","Jordan J.","","CA","","LAB10 Publishing","1262829440","","","100","WESTCOAST","BBX, Geeku","QZ5FN2235968","DirtySnatcha Records"
"WESTCOAST","","DSR-LAB-108","","","","Richardson","Nakeem","","CA","","LAB10 Publishing","1262829440","","","100","WESTCOAST","BBX, Geeku","QZ5FN2235968","DirtySnatcha Records"
"SASORI","","DSR-LAB-109","","","","Reid","Jordan J.","","CA","","LAB10 Publishing","1262829440","","","100","SASORI","BBX, Geeku","GBRKQ2245736","DirtySnatcha Records"
"SASORI","","DSR-LAB-109","","","","Richardson","Nakeem","","CA","","LAB10 Publishing","1262829440","","","100","SASORI","BBX, Geeku","GBRKQ2245736","DirtySnatcha Records"
"LIGMA","","DSR-LAB-110","","","","Reid","Jordan J.","","CA","","LAB10 Publishing","1262829440","","","100","LIGMA","BBX, Jonomatic, Geeku","GBWUL2171015","DirtySnatcha Records"
"LIGMA","","DSR-LAB-110","","","","Ely","Jonathan","","CA","","LAB10 Publishing","1262829440","","","100","LIGMA","BBX, Jonomatic, Geeku","GBWUL2171015","DirtySnatcha Records"
"LIGMA","","DSR-LAB-110","","","","Richardson","Nakeem","","CA","","LAB10 Publishing","1262829440","","","100","LIGMA","BBX, Jonomatic, Geeku","GBWUL2171015","DirtySnatcha Records"
"FTI","","DSR-LAB-111","","","","Reid","Jordan","","CA","","LAB10 Publishing","1262829440","","","100","FTI","BBX, Meechie Murda, Geeku","GBWUL2349330","DirtySnatcha Records"
"FTI","","DSR-LAB-111","","","","Luster","Demetrius","","CA","","LAB10 Publishing","1262829440","","","100","FTI","BBX, Meechie Murda, Geeku","GBWUL2349330","DirtySnatcha Records"
"FTI","","DSR-LAB-111","","","","Richardson","Nakeem","","CA","","LAB10 Publishing","1262829440","","","100","FTI","BBX, Meechie Murda, Geeku","GBWUL2349330","DirtySnatcha Records"
"WTF","","DSR-LAB-112","","","","Reid","Jordan","","CA","","LAB10 Publishing","1262829440","","","100","WTF","BBX, Sloth","GBRKQ2471312","DirtySnatcha Records"
"WTF","","DSR-LAB-112","","","","Baichoo","Brandon","","CA","","LAB10 Publishing","1262829440","","","100","WTF","BBX, Sloth","GBRKQ2471312","DirtySnatcha Records"
"Outta Here","","DSR-LAB-113","","","","Benzel","Cameron","","CA","","LAB10 Publishing","1262829440","","","100","Outta Here","BENZO$, Rico Act","QZ5FN2040117","DirtySnatcha Records"
"Outta Here","","DSR-LAB-113","","","","Koivu","Terrel","","CA","","LAB10 Publishing","1262829440","","","100","Outta Here","BENZO$, Rico Act","QZ5FN2040117","DirtySnatcha Records"
"Arachnophobia","","DSR-LAB-114","","","","Engelhardt","Nicholas","","CA","","LAB10 Publishing","1262829440","","","100","Arachnophobia","Blue","GBWUL1910254","DirtySnatcha Records"
"Arachnophobia","","DSR-LAB-114","","","","Fouladgar","Shahram","","CA","","LAB10 Publishing","1262829440","","","100","Arachnophobia","Blue","GBWUL1910254","DirtySnatcha Records"
"Clean Slate","","DSR-LAB-115","","","","Harris","Christopher M.","","CA","","LAB10 Publishing","1262829440","","","100","Clean Slate","Blue, JHornz","USLZJ2430079","DirtySnatcha Records"
"Clean Slate","","DSR-LAB-115","","","","Hornis","Writer Justin","","CA","","LAB10 Publishing","1262829440","","","100","Clean Slate","Blue, JHornz","USLZJ2430079","DirtySnatcha Records"
"Radiance","","DSR-LAB-116","","","","Rice","Alfred","","CA","","LAB10 Publishing","1262829440","","","100","Radiance","BOU$HY","GBWUL2118332","DirtySnatcha Records"
"Big Body","","DSR-LAB-117","","","","Bouchard","Max","","CA","","LAB10 Publishing","1262829440","","","100","Big Body","BOU$HY, Eazley","QZ5FN2216262","DirtySnatcha Records"
"Big Body","","DSR-LAB-117","","","","Rice","Alfred","","CA","","LAB10 Publishing","1262829440","","","100","Big Body","BOU$HY, Eazley","QZ5FN2216262","DirtySnatcha Records"
"Bad Vibes","","DSR-LAB-118","","","","Annear","Bailey Robert","","CA","","LAB10 Publishing","1262829440","","","100","Bad Vibes","Brakkit, Dassim","QZ5FN2303913","DirtySnatcha Records"
"Bad Vibes","","DSR-LAB-118","","","","Daskal","Jack","","CA","","LAB10 Publishing","1262829440","","","100","Bad Vibes","Brakkit, Dassim","QZ5FN2303913","DirtySnatcha Records"
"As I Am","","DSR-LAB-119","","","","Caabay","Micahel Jared","","CA","","LAB10 Publishing","1262829440","","","100","As I Am","Cabuizee, Raddix","GBRKQ2234993","DirtySnatcha Records"
"As I Am","","DSR-LAB-119","","","","Martin","Joshua Lloyd","","CA","","LAB10 Publishing","1262829440","","","100","As I Am","Cabuizee, Raddix","GBRKQ2234993","DirtySnatcha Records"
"As I Am","","DSR-LAB-120","","","","Caabay","Micahel Jared","","CA","","LAB10 Publishing","1262829440","","","100","As I Am","Cabuizee, Raddix","GBRKQ2245754","DirtySnatcha Records"
"As I Am","","DSR-LAB-120","","","","Martin","Joshua Lloyd","","CA","","LAB10 Publishing","1262829440","","","100","As I Am","Cabuizee, Raddix","GBRKQ2245754","DirtySnatcha Records"
"Telekinese","","DSR-LAB-121","","","","Kairies","Jannik","","CA","","LAB10 Publishing","1262829440","","","100","Telekinese","CHACKK, Kamas","USLZJ2292920","DirtySnatcha Records"
"Telekinese","","DSR-LAB-121","","","","Rolfe","Henry","","CA","","LAB10 Publishing","1262829440","","","100","Telekinese","CHACKK, Kamas","USLZJ2292920","DirtySnatcha Records"
"Do It","","DSR-LAB-122","","","","Johnson","Carson Reid","","CA","","LAB10 Publishing","1262829440","","","100","Do It","Champagne Poppers","QZ5FN2002317","DirtySnatcha Records"
"Red Sky","","DSR-LAB-123","","","","Johnson","Carson Reid","","CA","","LAB10 Publishing","1262829440","","","100","Red Sky","Champagne Poppers","GBRKQ2120796","DirtySnatcha Records"
"Run It Up","","DSR-LAB-124","","","","Legris","Christopher","","CA","","LAB10 Publishing","1262829440","","","100","Run It Up","CHRMNDRS, Future Exit","GBWUL2081365","DirtySnatcha Records"
"Run It Up","","DSR-LAB-124","","","","Kourie","William","","CA","","LAB10 Publishing","1262829440","","","100","Run It Up","CHRMNDRS, Future Exit","GBWUL2081365","DirtySnatcha Records"
"Giving Up VIP","","DSR-LAB-125","","","","Legris","Christopher","","CA","","LAB10 Publishing","1262829440","","","100","Giving Up VIP","CHRMNDRS, SEEING\\DOUBLE","GBWUL2158623","DirtySnatcha Records"
"Giving Up VIP","","DSR-LAB-125","","","","Karzis","Panagiotis","","CA","","LAB10 Publishing","1262829440","","","100","Giving Up VIP","CHRMNDRS, SEEING\\DOUBLE","GBWUL2158623","DirtySnatcha Records"
"WDGAF","","DSR-LAB-126","","","","Maynard","Colton","","CA","","LAB10 Publishing","1262829440","","","100","WDGAF","CRiiOZ","QZWDE2357423","DirtySnatcha Records"
"In The Walls","","DSR-LAB-127","","","","Maynard","Colton","","CA","","LAB10 Publishing","1262829440","","","100","In The Walls","CRiiOZ","USLZJ2405562","DirtySnatcha Records"
"Watch Out","","DSR-LAB-128","","","","Maynard","Colton","","CA","","LAB10 Publishing","1262829440","","","100","Watch Out","CRiiOZ","USLZJ2405588","DirtySnatcha Records"
"Trust","","DSR-LAB-129","","","","Maynard","Colton","","CA","","LAB10 Publishing","1262829440","","","100","Trust","CRiiOZ","USLZJ2405591","DirtySnatcha Records"
"Let Go","","DSR-LAB-130","","","","Maynard","Colton","","CA","","LAB10 Publishing","1262829440","","","100","Let Go","CRiiOZ","USLZJ2405592","DirtySnatcha Records"
"Psycho","","DSR-LAB-131","","","","Maynard","Colton","","CA","","LAB10 Publishing","1262829440","","","100","Psycho","CRiiOZ, DSTRTN","USLZJ2405590","DirtySnatcha Records"
"Psycho","","DSR-LAB-131","","","","Turcotte","Bryden","","CA","","LAB10 Publishing","1262829440","","","100","Psycho","CRiiOZ, DSTRTN","USLZJ2405590","DirtySnatcha Records"
"Riptide","","DSR-LAB-132","","","","Vance","David Austin","","CA","","LAB10 Publishing","1262829440","","","100","Riptide","David Vance, Blue","GBRKQ2211179","DirtySnatcha Records"
"Riptide","","DSR-LAB-132","","","","Harris","Christopher Michael","","CA","","LAB10 Publishing","1262829440","","","100","Riptide","David Vance, Blue","GBRKQ2211179","DirtySnatcha Records"
"Riddim Whistle","","DSR-LAB-133","","","","Kouri","Denny","","CA","","LAB10 Publishing","1262829440","","","100","Riddim Whistle","DENNETT","GBRKQ2204623","DirtySnatcha Records"
"Keep Moving (Aelius,  Voyager,  Wilco Beats Remix)","","DSR-LAB-134","","","","Bray","Leigh","01017500116","CA","","LAB10 Publishing","1262829440","","","100","Keep Moving (Aelius,  Voyager,  Wilco Beats Remix)","DirtySnatcha","QZWDD2263373","DirtySnatcha Records"
"Keep Moving (Audigy Remix)","","DSR-LAB-135","","","","Bray","Leigh","01017500116","CA","","LAB10 Publishing","1262829440","","","100","Keep Moving (Audigy Remix)","DirtySnatcha","QZWV32320452","DirtySnatcha Records"
"Need U (Dobadlyy Remix)","","DSR-LAB-136","","","","Bray","Leigh","01017500116","CA","","LAB10 Publishing","1262829440","","","100","Need U (Dobadlyy Remix)","DirtySnatcha, Autokorekt","QZ5FN2114150","DirtySnatcha Records"
"Need U (Dobadlyy Remix)","","DSR-LAB-136","","","","Autolino","Anthony","","CA","","LAB10 Publishing","1262829440","","","100","Need U (Dobadlyy Remix)","DirtySnatcha, Autokorekt","QZ5FN2114150","DirtySnatcha Records"
"Need U (Ennaut Remix)","","DSR-LAB-137","","","","Bray","Leigh","01017500116","CA","","LAB10 Publishing","1262829440","","","100","Need U (Ennaut Remix)","DirtySnatcha, Autokorekt","QZWDD2263341","DirtySnatcha Records"
"Need U (Ennaut Remix)","","DSR-LAB-137","","","","Autolino","Anthony","","CA","","LAB10 Publishing","1262829440","","","100","Need U (Ennaut Remix)","DirtySnatcha, Autokorekt","QZWDD2263341","DirtySnatcha Records"
"Westside Rollin (CHRMNDRS Remix)","","DSR-LAB-138","","","","Bray","Leigh","01017500116","CA","","LAB10 Publishing","1262829440","","","100","Westside Rollin (CHRMNDRS Remix)","DirtySnatcha","GBWUL1920889","DirtySnatcha Records"
"GO MAD","","DSR-LAB-140","","","","Turcotte","Neil Brydon","","CA","","LAB10 Publishing","1262829440","","","100","GO MAD","DSTRTN, CRiiOZ","USLZJ2297741","DirtySnatcha Records"
"GO MAD","","DSR-LAB-140","","","","Maynard","Colton Daniel","","CA","","LAB10 Publishing","1262829440","","","100","GO MAD","DSTRTN, CRiiOZ","USLZJ2297741","DirtySnatcha Records"
"Loose It","","DSR-LAB-141","","","","Autolino","Anthony","","CA","","LAB10 Publishing","1262829440","","","100","Loose It","Eazley, Autokorekt","QZ5FN2097747","DirtySnatcha Records"
"Loose It","","DSR-LAB-141","","","","Rico","Alfred Mcgrew","","CA","","LAB10 Publishing","1262829440","","","100","Loose It","Eazley, Autokorekt","QZ5FN2097747","DirtySnatcha Records"
"Loose It (BOU$HY Remix)","","DSR-LAB-142","","","","Rice","Alfred Mcgrew","","CA","","LAB10 Publishing","1262829440","","","100","Loose It (BOU$HY Remix)","Eazley, Autokorekt","GBRKQ2109631","DirtySnatcha Records"
"Loose It (BOU$HY Remix)","","DSR-LAB-142","","","","Autolino","Anthony","","CA","","LAB10 Publishing","1262829440","","","100","Loose It (BOU$HY Remix)","Eazley, Autokorekt","GBRKQ2109631","DirtySnatcha Records"
"Always Got Me","","DSR-LAB-143","","","","Moss","Jason","","CA","","LAB10 Publishing","1262829440","","","100","Always Got Me","Ennaut","QZ5FN2248162","DirtySnatcha Records"
"Terror","","DSR-LAB-144","","","","Moss","Jason","","CA","","LAB10 Publishing","1262829440","","","100","Terror","Ennaut","USLZJ2296710","DirtySnatcha Records"
"Boss","","DSR-LAB-145","","","","Bush","Branden","","CA","","LAB10 Publishing","1262829440","","","100","Boss","Entravert","GBWUL2192869","DirtySnatcha Records"
"Bluntz","","DSR-LAB-146","","","","BARTAKE","JAMES DANIEL","","CA","","LAB10 Publishing","1262829440","","","100","Bluntz","Flatland Funk, Blupill","GBRKQ2041356","DirtySnatcha Records"
"Bluntz","","DSR-LAB-146","","","","Anderson","Jared","","CA","","LAB10 Publishing","1262829440","","","100","Bluntz","Flatland Funk, Blupill","GBRKQ2041356","DirtySnatcha Records"
"SLACKA","","DSR-LAB-147","","","","Richardson","Nakeem","","CA","","LAB10 Publishing","1262829440","","","100","SLACKA","Geeku","QZZEB2351140","DirtySnatcha Records"
"Take A Trip (DirtySnatcha Remix)","","DSR-LAB-148","","","","Gruden","Michael","","CA","","LAB10 Publishing","1262829440","","","100","Take A Trip (DirtySnatcha Remix)","HEXED, Labs","QZ5FN2303924","DirtySnatcha Records"
"Take A Trip (DirtySnatcha Remix)","","DSR-LAB-148","","","","Mathews","Jeff","","CA","","LAB10 Publishing","1262829440","","","100","Take A Trip (DirtySnatcha Remix)","HEXED, Labs","QZ5FN2303924","DirtySnatcha Records"
"Take A Trip (DirtySnatcha Remix)","","DSR-LAB-148","","","","Bray","Leigh","01017500116","CA","","LAB10 Publishing","1262829440","","","100","Take A Trip (DirtySnatcha Remix)","HEXED, Labs","QZ5FN2303924","DirtySnatcha Records"
"The Devil","","DSR-LAB-149","","","","Young","Riley","","CA","","LAB10 Publishing","1262829440","","","100","The Devil","Hostyle","QZ5FN2170385","DirtySnatcha Records"
"FVCK","","DSR-LAB-150","","","","Rigdon","Forrest T.","","CA","","LAB10 Publishing","1262829440","","","100","FVCK","Hurting Murphy","USLZJ2376873","DirtySnatcha Records"
"Radioactivity","","DSR-LAB-151","","","","Shaheen","Simon","","CA","","LAB10 Publishing","1262829440","","","100","Radioactivity","In Orbit Dubz","USLZJ2286474","DirtySnatcha Records"
"Back Rooms","","DSR-LAB-152","","","","Shaheen","Simon","","CA","","LAB10 Publishing","1262829440","","","100","Back Rooms","In Orbit Dubz","QZWDD2257316","DirtySnatcha Records"
"Fuck It Up","","DSR-LAB-153","","","","Shaheen","Simon","","CA","","LAB10 Publishing","1262829440","","","100","Fuck It Up","In Orbit Dubz","QZWDD2257318","DirtySnatcha Records"
"Nightmare","","DSR-LAB-154","","","","Shaheen","Simon","","CA","","LAB10 Publishing","1262829440","","","100","Nightmare","In Orbit Dubz","QZWDD2257336","DirtySnatcha Records"
"Hypnotize","","DSR-LAB-155","","","","Bray","Leigh","01017500116","CA","","LAB10 Publishing","1262829440","","","100","Hypnotize","In Orbit Dubz","QZZ8B2327916","DirtySnatcha Records"
"Hypnotize","","DSR-LAB-155","","","","Shaheen","Simon","","CA","","LAB10 Publishing","1262829440","","","100","Hypnotize","In Orbit Dubz","QZZ8B2327916","DirtySnatcha Records"
"Destroy","","DSR-LAB-156","","","","Shaheen","Simon","","CA","","LAB10 Publishing","1262829440","","","100","Destroy","In Orbit Dubz, DSTRTN","QZWDD2257331","DirtySnatcha Records"
"Destroy","","DSR-LAB-156","","","","Turcotte","Neil Bryden","","CA","","LAB10 Publishing","1262829440","","","100","Destroy","In Orbit Dubz, DSTRTN","QZWDD2257331","DirtySnatcha Records"
"Dimension","","DSR-LAB-157","","","","Shaheen","Simon","","CA","","LAB10 Publishing","1262829440","","","100","Dimension","In Orbit Dubz, Nein Lives","QZ5FN2266737","DirtySnatcha Records"
"Dimension","","DSR-LAB-157","","","","Frady","Derek","","CA","","LAB10 Publishing","1262829440","","","100","Dimension","In Orbit Dubz, Nein Lives","QZ5FN2266737","DirtySnatcha Records"
"Gamma Ray","","DSR-LAB-158","","","","McLaughlin","Jordan","","CA","","LAB10 Publishing","1262829440","","","100","Gamma Ray","JAYSYX","QZ5FN2032792","DirtySnatcha Records"
"Break It","","DSR-LAB-159","","","","McLaughlin","Jordan","","CA","","LAB10 Publishing","1262829440","","","100","Break It","JAYSYX","QZ5FN2082238","DirtySnatcha Records"
"Danger","","DSR-LAB-160","","","","McLaughlin","Jordan","","CA","","LAB10 Publishing","1262829440","","","100","Danger","JAYSYX, AG","USLZJ2069438","DirtySnatcha Records"
"Danger","","DSR-LAB-160","","","","Garcia","Andrew","","CA","","LAB10 Publishing","1262829440","","","100","Danger","JAYSYX, AG","USLZJ2069438","DirtySnatcha Records"
"Danger (Adam Annella Remix)","","DSR-LAB-161","","","","McLaughlin","Jordan","","CA","","LAB10 Publishing","1262829440","","","100","Danger (Adam Annella Remix)","JAYSYX, AG","GBRKQ2133612","DirtySnatcha Records"
"Danger (Adam Annella Remix)","","DSR-LAB-161","","","","Garcia","Andrew","","CA","","LAB10 Publishing","1262829440","","","100","Danger (Adam Annella Remix)","JAYSYX, AG","GBRKQ2133612","DirtySnatcha Records"
"Danger (Elusion Remix)","","DSR-LAB-162","","","","McLaughlin","Jordan","","CA","","LAB10 Publishing","1262829440","","","100","Danger (Elusion Remix)","JAYSYX, AG","GBRKQ2133620","DirtySnatcha Records"
"Danger (Elusion Remix)","","DSR-LAB-162","","","","Garcia","Andrew","","CA","","LAB10 Publishing","1262829440","","","100","Danger (Elusion Remix)","JAYSYX, AG","GBRKQ2133620","DirtySnatcha Records"
"Danger (Kamas Remix)","","DSR-LAB-163","","","","McLaughlin","Jordan","","CA","","LAB10 Publishing","1262829440","","","100","Danger (Kamas Remix)","JAYSYX, AG","GBRKQ2133617","DirtySnatcha Records"
"Danger (Kamas Remix)","","DSR-LAB-163","","","","Garcia","Andrew","","CA","","LAB10 Publishing","1262829440","","","100","Danger (Kamas Remix)","JAYSYX, AG","GBRKQ2133617","DirtySnatcha Records"
"Danger (Kringe Remix)","","DSR-LAB-164","","","","McLaughlin","Jordan","","CA","","LAB10 Publishing","1262829440","","","100","Danger (Kringe Remix)","JAYSYX, AG","GBRKQ2133622","DirtySnatcha Records"
"Danger (Kringe Remix)","","DSR-LAB-164","","","","Garcia","Andrew","","CA","","LAB10 Publishing","1262829440","","","100","Danger (Kringe Remix)","JAYSYX, AG","GBRKQ2133622","DirtySnatcha Records"
"Danger (Shoku Remix)","","DSR-LAB-165","","","","McLaughlin","Jordan","","CA","","LAB10 Publishing","1262829440","","","100","Danger (Shoku Remix)","JAYSYX, AG","GBRKQ2133619","DirtySnatcha Records"
"Danger (Shoku Remix)","","DSR-LAB-165","","","","Garcia","Andrew","","CA","","LAB10 Publishing","1262829440","","","100","Danger (Shoku Remix)","JAYSYX, AG","GBRKQ2133619","DirtySnatcha Records"
"Death Match","","DSR-LAB-166","","","","Wilson","Willliam","","CA","","LAB10 Publishing","1262829440","","","100","Death Match","Joogornot","USLZJ2162863","DirtySnatcha Records"
"Most Dangerous","","DSR-LAB-167","","","","Luster","Demetrius","","CA","","LAB10 Publishing","1262829440","","","100","Most Dangerous","Meechie Murda, Geeku, Sinister Bass","GBWUL2241457","DirtySnatcha Records"
"Most Dangerous","","DSR-LAB-167","","","","Ocampo","Mark Remil Aco","","CA","","LAB10 Publishing","1262829440","","","100","Most Dangerous","Meechie Murda, Geeku, Sinister Bass","GBWUL2241457","DirtySnatcha Records"
"Most Dangerous","","DSR-LAB-167","","","","Richardson","Nakeem","","CA","","LAB10 Publishing","1262829440","","","100","Most Dangerous","Meechie Murda, Geeku, Sinister Bass","GBWUL2241457","DirtySnatcha Records"
"Fight Time","","DSR-LAB-168","","","","Fouladgar","Shahram","","CA","","LAB10 Publishing","1262829440","","","100","Fight Time","Megahurtz","GBRKQ2178616","DirtySnatcha Records"
"Riddim Gang","","DSR-LAB-169","","","","Engelhardt","Nicholas","","CA","","LAB10 Publishing","1262829440","","","100","Riddim Gang","Megahurtz, Alienpark","QZ5FN2074245","DirtySnatcha Records"
"Riddim Gang","","DSR-LAB-169","","","","Fouladgar","Shahram","","CA","","LAB10 Publishing","1262829440","","","100","Riddim Gang","Megahurtz, Alienpark","QZ5FN2074245","DirtySnatcha Records"
"Riddim Gang","","DSR-LAB-169","","","","Koivu","Terrel","","CA","","LAB10 Publishing","1262829440","","","100","Riddim Gang","Megahurtz, Alienpark","QZ5FN2074245","DirtySnatcha Records"
"Acting Out","","DSR-LAB-170","","","","Engelhardt","Nicholas","","CA","","LAB10 Publishing","1262829440","","","100","Acting Out","Megahurtz, Blue, Rico Act","USLZJ2069505","DirtySnatcha Records"
"Acting Out","","DSR-LAB-170","","","","Fouladgar","Shahram","","CA","","LAB10 Publishing","1262829440","","","100","Acting Out","Megahurtz, Blue, Rico Act","USLZJ2069505","DirtySnatcha Records"
"Acting Out","","DSR-LAB-170","","","","Harris","Christopher M.","","CA","","LAB10 Publishing","1262829440","","","100","Acting Out","Megahurtz, Blue, Rico Act","USLZJ2069505","DirtySnatcha Records"
"Acting Out","","DSR-LAB-170","","","","Koivu","Terrel","","CA","","LAB10 Publishing","1262829440","","","100","Acting Out","Megahurtz, Blue, Rico Act","USLZJ2069505","DirtySnatcha Records"
"BIG UPS","","DSR-LAB-171","","","","Hinch","Joel","","CA","","LAB10 Publishing","1262829440","","","100","BIG UPS","RAZR, VASTIVE","USLZJ2023938","DirtySnatcha Records"
"BIG UPS","","DSR-LAB-171","","","","Vargas","Samuel Rodrigo","","CA","","LAB10 Publishing","1262829440","","","100","BIG UPS","RAZR, VASTIVE","USLZJ2023938","DirtySnatcha Records"
"Bringing The Bass","","DSR-LAB-172","","","","Scafetta","David","","CA","","LAB10 Publishing","1262829440","","","100","Bringing The Bass","Scafetta, Chase The Dream","QZ5FN2153036","DirtySnatcha Records"
"Bringing The Bass","","DSR-LAB-172","","","","Downey","Chase","","CA","","LAB10 Publishing","1262829440","","","100","Bringing The Bass","Scafetta, Chase The Dream","QZ5FN2153036","DirtySnatcha Records"
"Spicy Tune","","DSR-LAB-173","","","","Scafetta","David","","CA","","LAB10 Publishing","1262829440","","","100","Spicy Tune","Scafetta, Monsters Everywhere","GBWUL2257078","DirtySnatcha Records"
"Spicy Tune","","DSR-LAB-173","","","","Frutos","Andres Cabriel","","CA","","LAB10 Publishing","1262829440","","","100","Spicy Tune","Scafetta, Monsters Everywhere","GBWUL2257078","DirtySnatcha Records"
"Love Song","","DSR-LAB-174","","","","Scafetta","David","","CA","","LAB10 Publishing","1262829440","","","100","Love Song","Scafetta, Raddix","USLZJ2297076","DirtySnatcha Records"
"Love Song","","DSR-LAB-174","","","","Martin","Joshua Lloyd","","CA","","LAB10 Publishing","1262829440","","","100","Love Song","Scafetta, Raddix","USLZJ2297076","DirtySnatcha Records"
"Demons","","DSR-LAB-175","","","","Scafetta","David","","CA","","LAB10 Publishing","1262829440","","","100","Demons","Scafetta, Raddix","GBRKQ2203029","DirtySnatcha Records"
"Demons","","DSR-LAB-175","","","","Martin","Joshua Lloyd","","CA","","LAB10 Publishing","1262829440","","","100","Demons","Scafetta, Raddix","GBRKQ2203029","DirtySnatcha Records"
"Corneal Abrasion","","DSR-LAB-176","","","","Nelson","Sean","","CA","","LAB10 Publishing","1262829440","","","100","Corneal Abrasion","Simplifi, Redder","USLZJ2430043","DirtySnatcha Records"
"Corneal Abrasion","","DSR-LAB-176","","","","Chilluffo","Jason","","CA","","LAB10 Publishing","1262829440","","","100","Corneal Abrasion","Simplifi, Redder","USLZJ2430043","DirtySnatcha Records"
"Maniac","","DSR-LAB-177","","","","Moon","Timothy","","CA","","LAB10 Publishing","1262829440","","","100","Maniac","Sinatra","QZZEB2305800","DirtySnatcha Records"
"Love","","DSR-LAB-178","","","","Ocampo","Mark Remwil A.","","CA","","LAB10 Publishing","1262829440","","","100","Love","Sinister Bass","GBRKQ2204541","DirtySnatcha Records"
"Stepbro","","DSR-LAB-179","","","","Skinner","Blake","","CA","","LAB10 Publishing","1262829440","","","100","Stepbro","SkInZ, Chase The Dream","USLZJ2310807","DirtySnatcha Records"
"Stepbro","","DSR-LAB-179","","","","Downey","Chase","","CA","","LAB10 Publishing","1262829440","","","100","Stepbro","SkInZ, Chase The Dream","USLZJ2310807","DirtySnatcha Records"
"Clapped","","DSR-LAB-180","","","","Skinner","Blake","","CA","","LAB10 Publishing","1262829440","","","100","Clapped","SkInZ, Emmbers","QZ5FN2121223","DirtySnatcha Records"
"Clapped","","DSR-LAB-180","","","","Hill","Victoria","","CA","","LAB10 Publishing","1262829440","","","100","Clapped","SkInZ, Emmbers","QZ5FN2121223","DirtySnatcha Records"
"Scorpion","","DSR-LAB-181","","","","Gomes","Mike","","CA","","LAB10 Publishing","1262829440","","","100","Scorpion","Torcha","GBRKQ2202745","DirtySnatcha Records"
"All In","","DSR-LAB-182","","","","Thornton","Matthew Casey","","CA","","LAB10 Publishing","1262829440","","","100","All In","TruFeelz","QZ5FN2075138","DirtySnatcha Records"
"Torture","","DSR-LAB-183","","","","Page","Chad","","CA","","LAB10 Publishing","1262829440","","","100","Torture","Twisted, Chutez & Ladderz, R3mark","GBRKQ2224624","DirtySnatcha Records"
"Torture","","DSR-LAB-183","","","","White","Drew","","CA","","LAB10 Publishing","1262829440","","","100","Torture","Twisted, Chutez & Ladderz, R3mark","GBRKQ2224624","DirtySnatcha Records"
"Torture","","DSR-LAB-183","","","","Kramer","Jacob","","CA","","LAB10 Publishing","1262829440","","","100","Torture","Twisted, Chutez & Ladderz, R3mark","GBRKQ2224624","DirtySnatcha Records"
"Fate","","DSR-LAB-184","","","","Page","Chad","","CA","","LAB10 Publishing","1262829440","","","100","Fate","Twisted, Chutez & Ladderz, R3mark","GBRKQ2245602","DirtySnatcha Records"
"Fate","","DSR-LAB-184","","","","White","Drew","","CA","","LAB10 Publishing","1262829440","","","100","Fate","Twisted, Chutez & Ladderz, R3mark","GBRKQ2245602","DirtySnatcha Records"
"Fate","","DSR-LAB-184","","","","Kramer","Jacob","","CA","","LAB10 Publishing","1262829440","","","100","Fate","Twisted, Chutez & Ladderz, R3mark","GBRKQ2245602","DirtySnatcha Records"
"Half Life","","DSR-LAB-185","","","","Page","Chad","","CA","","LAB10 Publishing","1262829440","","","100","Half Life","Twisted, Chutez & Ladderz, R3mark","GBRKQ2245644","DirtySnatcha Records"
"Half Life","","DSR-LAB-185","","","","White","Drew","","CA","","LAB10 Publishing","1262829440","","","100","Half Life","Twisted, Chutez & Ladderz, R3mark","GBRKQ2245644","DirtySnatcha Records"
"Half Life","","DSR-LAB-185","","","","Kramer","Jacob","","CA","","LAB10 Publishing","1262829440","","","100","Half Life","Twisted, Chutez & Ladderz, R3mark","GBRKQ2245644","DirtySnatcha Records"
"Spacecraft","","DSR-LAB-186","","","","Berndt","Nathon Allen","","CA","","LAB10 Publishing","1262829440","","","100","Spacecraft","Whiskers","USLZJ2046489","DirtySnatcha Records"
"Demon Hunter","","DSR-LAB-187","","","","Zubah","Theo","","CA","","LAB10 Publishing","1262829440","","","100","Demon Hunter","Zubah","QZ5FN2003847","DirtySnatcha Records"
