date,listeners,monthly_listeners,monthly_active_listeners,super_listeners,streams,playlist_adds,saves,followers
2024-01-01,473,12638,3325,44,527,30,14,1290
2024-01-02,562,12673,3267,46,646,44,3,1289
2024-01-03,673,12826,3244,42,767,25,21,1289
2024-01-04,740,13049,3251,42,833,36,10,1291
2024-01-05,545,12993,3252,40,613,54,17,1291
2024-01-06,540,12945,3276,43,611,35,20,1291
2024-01-07,601,13049,3300,42,658,24,14,1291
2024-01-08,542,13016,3268,43,608,52,13,1290
2024-01-09,579,12944,3228,46,653,49,10,1291
2024-01-10,1193,13502,3225,42,1599,28,10,1291
2024-01-11,880,13725,3211,41,997,42,10,1291
2024-01-12,1433,14482,3220,41,1644,49,10,1292
2024-01-13,1530,15349,3236,42,1740,17,19,1294
2024-01-14,993,15853,3247,40,1114,19,14,1296
2024-01-15,1237,16555,3227,39,1445,32,21,1296
2024-01-16,782,16660,3209,35,890,30,15,1296
2024-01-17,1428,17331,3207,33,1689,41,15,1296
2024-01-18,1114,17608,3199,30,1278,35,16,1296
2024-01-19,1288,17724,3202,30,1524,49,20,1297
2024-01-20,944,17992,3204,29,1147,26,9,1297
2024-01-21,971,18288,3189,27,1209,21,11,1297
2024-01-22,1897,19682,3223,28,2217,42,15,1298
2024-01-23,1529,20598,3240,29,1727,33,10,1300
2024-01-24,1512,21484,3248,31,1764,33,15,1300
2024-01-25,1409,22209,3236,32,1668,35,9,1300
2024-01-26,1521,23000,3226,32,1822,50,10,1300
2024-01-27,1605,24113,3217,33,1820,21,14,1300
2024-01-28,981,24591,3175,31,1124,19,10,1301
2024-01-29,1283,25376,3184,34,1500,33,12,1301
2024-01-30,1198,25919,3203,32,1433,27,9,1301
2024-01-31,1284,26431,3236,32,1491,37,13,1301
2024-02-01,1377,27082,3253,31,1583,45,23,1300
2024-02-02,845,27314,3244,28,1051,64,21,1302
2024-02-03,1515,28270,3224,27,1737,37,17,1303
2024-02-04,1078,28791,3209,28,1218,23,10,1304
2024-02-05,940,29216,3248,24,1305,33,14,1306
2024-02-06,1091,29763,3494,27,1303,75,76,1310
2024-02-07,1193,29885,3618,27,1557,38,41,1311
2024-02-08,861,29923,3667,26,969,39,30,1312
2024-02-09,1034,29609,3675,28,1176,45,15,1314
2024-02-10,905,29071,3656,25,987,24,19,1317
2024-02-11,842,28969,3657,26,934,38,27,1318
2024-02-12,1334,29088,3661,28,1586,18,19,1319
2024-02-13,706,29015,3696,27,787,39,27,1321
2024-02-14,1032,28738,3751,28,1166,41,27,1322
2024-02-15,1259,28912,3766,25,1540,26,10,1323
2024-02-16,944,28612,3821,26,1107,52,21,1324
2024-02-17,640,28303,3830,26,738,37,20,1324
2024-02-18,1407,28771,3855,27,1563,17,5,1323
2024-02-19,1180,28051,3846,26,1453,24,14,1323
2024-02-20,1418,27956,3867,27,1550,35,32,1325
2024-02-21,2166,28637,3905,28,2362,30,26,1329
2024-02-22,2228,29422,3934,27,2555,49,20,1329
2024-02-23,1824,29646,3991,28,2261,59,32,1329
2024-02-24,1737,29736,4038,27,2050,38,29,1330
2024-02-25,1134,29882,4072,30,1251,38,17,1330
2024-02-26,1491,30098,4101,28,1686,60,27,1331
2024-02-27,2151,30931,4131,27,2372,50,21,1332
2024-02-28,2022,31490,4144,30,2276,54,19,1332
2024-02-29,2287,32160,4139,32,3715,38,16,1333
2024-03-01,1986,33058,4134,33,2828,46,15,1333
2024-03-02,1601,33022,4114,35,1826,32,16,1332
2024-03-03,1136,32912,4082,38,1549,26,6,1334
2024-03-04,1840,33612,4067,39,1999,49,16,1334
2024-03-05,2205,34548,3893,36,2379,42,17,1334
2024-03-06,2437,35589,3823,34,2772,48,14,1335
2024-03-07,1905,36393,3803,34,2312,50,25,1336
2024-03-08,2227,37415,3807,34,2605,51,17,1337
2024-03-09,1477,37755,3793,30,1672,34,15,1338
2024-03-10,693,37555,3795,30,759,29,19,1339
2024-03-11,1095,37152,3782,30,1201,59,24,1340
2024-03-12,1189,37416,3764,34,1313,45,23,1341
2024-03-13,1225,37337,3722,33,1334,45,24,1342
2024-03-14,1247,37035,3719,32,1344,34,22,1345
2024-03-15,1116,36966,3692,31,1235,63,19,1346
2024-03-16,764,36934,3685,31,842,40,24,1346
2024-03-17,566,36011,3669,33,629,27,14,1348
2024-03-18,845,35514,3665,34,921,53,17,1348
2024-03-19,870,34992,3647,35,968,30,23,1349
2024-03-20,846,33743,3605,36,920,32,9,1348
2024-03-21,905,32461,3598,35,979,34,13,1350
2024-03-22,917,31585,3563,37,1009,48,20,1350
2024-03-23,697,30618,3549,35,789,26,21,1352
2024-03-24,535,30046,3536,34,597,25,30,1351
2024-03-25,731,29372,3515,35,787,46,11,1331
2024-03-26,795,28147,3491,34,861,40,13,1331
2024-03-27,845,27097,3474,38,942,25,22,1332
2024-03-28,740,25667,3438,38,815,28,10,1334
2024-03-29,525,24450,3442,37,601,38,16,1334
2024-03-30,361,23381,3429,34,404,25,10,1335
2024-03-31,288,22660,3416,32,322,28,6,1335
2024-04-01,373,21428,3379,33,427,24,14,1335
2024-04-02,411,19919,3362,32,476,25,11,1336
2024-04-03,471,18222,3366,30,574,30,14,1337
2024-04-04,436,17038,3360,33,500,26,14,1337
2024-04-05,440,15479,3354,37,529,33,21,1337
2024-04-06,419,14564,3366,36,493,25,18,1337
2024-04-07,404,14371,3374,34,454,23,12,1336
2024-04-08,492,13968,3379,33,546,22,13,1335
2024-04-09,463,13470,3385,32,518,33,10,1336
2024-04-10,388,12900,3393,32,449,20,12,1337
2024-04-11,337,12248,3372,29,380,26,12,1338
2024-04-12,411,11755,3343,29,481,31,12,1339
2024-04-13,376,11500,3327,27,430,25,7,1339
2024-04-14,361,11376,3318,27,426,34,14,1339
2024-04-15,857,11541,3322,27,1022,43,30,1340
2024-04-16,803,11561,3326,28,923,49,42,1340
2024-04-17,693,11435,3330,28,842,37,37,1341
2024-04-18,572,11179,3332,28,666,41,17,1342
2024-04-19,475,10826,3331,26,601,42,16,1342
2024-04-20,1135,11301,3315,27,1439,36,9,1342
2024-04-21,1125,11551,3288,27,1509,21,8,1342
2024-04-22,990,11479,3324,26,1260,25,41,1343
2024-04-23,1333,11499,3505,27,1758,20,133,1345
2024-04-24,1333,11383,3669,28,1695,18,134,1345
2024-04-25,1274,11293,3881,27,1725,23,147,1345
2024-04-26,1343,11423,4061,28,1824,22,131,1346
2024-04-27,1238,11621,4261,29,1670,16,146,1346
2024-04-28,1211,11810,4412,28,1689,20,132,1347
2024-04-29,1229,11943,4523,29,1635,17,78,1347
2024-04-30,918,11913,4538,31,1181,18,13,1347
2024-05-01,969,11955,4532,32,1194,18,19,1348
2024-05-02,931,12059,4494,32,1106,34,18,1348
2024-05-03,904,12167,4522,30,1082,45,49,1348
2024-05-04,1073,12435,4709,29,1349,23,141,1349
2024-05-05,906,12613,4839,30,1112,28,122,1349
2024-05-06,1290,13314,5003,30,1641,58,148,1350
2024-05-07,1187,13721,5163,31,1520,45,139,1351
2024-05-08,1157,14107,5323,32,1425,37,162,1353
2024-05-09,1154,14564,5577,35,1528,35,163,1357
2024-05-10,1733,15564,6595,35,2042,29,201,1358
2024-05-11,862,15911,6875,38,1147,63,49,1364
2024-05-12,608,16041,7005,37,867,20,28,1367
2024-05-13,703,15909,7044,40,1210,19,34,1368
2024-05-14,342,15554,7045,42,460,37,33,1370
2024-05-15,337,15285,7063,45,493,26,36,1374
2024-05-16,394,15153,7078,45,532,26,49,1379
2024-05-17,353,15078,7065,45,432,23,38,1382
2024-05-18,353,14955,7066,45,433,33,32,1384
2024-05-19,414,14913,7080,47,490,30,27,1388
2024-05-20,389,14902,7052,44,483,37,30,1390
2024-05-21,382,14658,6883,47,498,27,25,1395
2024-05-22,385,14373,6733,49,489,19,11,1397
2024-05-23,361,14079,6546,49,434,18,10,1398
2024-05-24,339,13742,6370,49,431,37,31,1400
2024-05-25,319,13457,6191,50,418,57,29,1407
2024-05-26,308,13154,6014,52,401,24,26,1408
2024-05-27,368,12840,5878,56,485,30,59,1413
2024-05-28,399,12726,5887,58,530,29,41,1417
2024-05-29,576,12645,5945,61,731,71,71,1419
2024-05-30,437,12377,6004,63,588,57,62,1422
2024-05-31,415,12057,5998,65,618,53,54,1425
2024-06-01,388,11608,5891,63,564,44,53,1430
2024-06-02,335,11124,5793,63,417,33,30,1432
2024-06-03,395,10678,5678,65,493,22,33,1435
2024-06-04,525,10357,5539,63,635,32,35,1436
2024-06-05,468,9805,5396,61,595,41,47,1440
2024-06-06,426,9148,5131,62,568,48,56,1442
2024-06-07,400,7908,4065,68,501,20,36,1448
2024-06-08,322,7414,3775,69,416,26,31,1451
2024-06-09,274,7078,3624,67,361,22,14,1452
2024-06-10,357,6721,3566,66,452,19,9,1452
2024-06-11,334,6712,3541,66,413,21,13,1453
2024-06-12,367,6722,3515,67,465,12,26,1455
2024-06-13,397,6709,3532,68,559,21,42,1458
2024-06-14,368,6719,3556,73,518,23,42,1459
2024-06-15,324,6692,3561,73,454,22,43,1460
2024-06-16,558,6821,3794,73,725,55,91,1461
2024-06-17,590,7028,3976,76,883,21,57,1465
2024-06-18,504,7129,4020,77,734,34,52,1468
2024-06-19,456,7192,4061,75,626,34,44,1471
2024-06-20,406,7215,4094,79,562,23,36,1477
2024-06-21,391,7224,4106,78,561,30,31,1481
2024-06-22,361,7239,4116,83,559,23,33,1483
2024-06-23,305,7250,4125,85,447,29,28,1487
2024-06-24,384,7271,4155,89,535,41,49,1488
2024-06-25,389,7243,4164,91,555,21,36,1493
2024-06-26,381,7107,4137,89,564,29,27,1496
2024-06-27,409,7092,4133,91,634,36,44,1500
2024-06-28,349,7076,4125,92,546,31,31,1505
2024-06-29,304,7023,4108,90,460,30,27,1509
2024-06-30,276,6991,4112,91,385,39,34,1514
2024-07-01,329,6939,4108,89,452,32,38,1517
2024-07-02,335,6816,4122,87,461,21,29,1523
2024-07-03,367,6702,4118,89,513,12,30,1527
2024-07-04,383,6665,4125,94,565,29,24,1529
2024-07-05,365,6639,4148,101,700,12,38,1530
2024-07-06,336,6621,4150,97,429,34,36,1533
2024-07-07,330,6666,4167,98,511,40,35,1538
2024-07-08,387,6705,4188,101,548,19,44,1542
2024-07-09,383,6705,4209,100,523,38,40,1543
2024-07-10,369,6676,4236,104,567,35,47,1546
2024-07-11,407,6656,4254,109,611,38,41,1547
2024-07-12,381,6640,4256,110,507,47,68,1551
2024-07-13,341,6651,4263,109,445,13,27,1555
2024-07-14,365,6516,4081,106,491,16,41,1559
2024-07-15,771,6697,3949,97,975,37,64,1565
2024-07-16,657,6865,3946,94,791,34,46,1573
2024-07-17,492,6898,3953,92,670,24,64,1579
2024-07-18,519,6986,3965,91,680,32,39,1580
2024-07-19,430,7015,3978,94,640,23,36,1580
2024-07-20,361,6981,3944,94,547,34,37,1584
2024-07-21,327,6983,3959,90,442,30,31,1588
2024-07-22,581,7170,3967,87,707,33,46,1590
2024-07-23,579,7328,3977,86,733,34,57,1597
2024-07-24,442,7361,4004,85,673,27,61,1602
2024-07-25,452,7360,4021,82,572,29,27,1602
2024-07-26,376,7362,4027,85,450,29,15,1603
2024-07-27,290,7333,4018,89,349,15,4,1604
2024-07-28,272,7291,3998,91,306,12,6,1604
2024-07-29,266,7241,3960,93,321,8,9,1605
2024-07-30,281,7187,3919,94,353,24,7,1604
2024-07-31,334,7163,3896,92,428,21,10,1605
2024-08-01,288,7113,3868,85,348,12,3,1606
2024-08-02,300,7097,3847,77,365,16,15,1607
2024-08-03,260,7076,3838,76,383,55,78,1609
2024-08-04,274,7034,3837,71,363,25,39,1609
2024-08-05,320,6976,3840,72,413,23,35,1610
2024-08-06,294,6929,3814,74,430,10,30,1614
2024-08-07,321,6919,3808,73,496,18,33,1615
2024-08-08,325,6876,3749,67,472,37,22,1619
2024-08-09,384,6908,3748,65,525,21,17,1620
2024-08-10,309,6900,3731,65,430,47,31,1622
2024-08-11,295,6856,3712,70,405,25,18,1624
2024-08-12,412,6583,3695,67,516,23,30,1626
2024-08-13,376,6321,3652,67,497,26,50,1629
2024-08-14,393,6253,3651,67,490,32,28,1629
2024-08-15,320,6121,3621,66,480,26,29,1633
2024-08-16,331,6045,3593,70,447,19,17,1636
2024-08-17,285,5990,3577,64,402,27,29,1637
2024-08-18,268,5965,3583,62,409,25,25,1641
2024-08-19,273,5712,3563,62,375,22,18,1643
2024-08-20,266,5506,3521,55,452,17,18,1646
2024-08-21,329,5434,3500,52,446,26,19,1647
2024-08-22,307,5341,3472,51,455,34,21,1652
2024-08-23,318,5305,3468,54,455,25,15,1652
2024-08-24,236,5287,3469,56,375,55,29,1653
2024-08-25,241,5274,3462,55,313,19,18,1653
2024-08-26,303,5298,3463,54,373,16,25,1654
2024-08-27,324,5332,3473,56,448,26,21,1656
2024-08-28,326,5320,3465,57,509,24,40,1658
2024-08-29,322,5339,3495,59,503,34,33,1663
2024-08-30,331,5353,3497,63,484,24,43,1663
2024-08-31,313,5374,3508,58,496,28,25,1664
2024-09-01,270,5364,3508,59,422,22,25,1665
2024-09-02,302,5379,3512,61,429,29,36,1666
2024-09-03,344,5388,3518,63,563,27,23,1671
2024-09-04,321,5357,3497,67,529,17,17,1676
2024-09-05,346,5349,3521,65,595,17,18,1678
2024-09-06,349,5317,3513,66,634,14,34,1680
2024-09-07,268,5272,3501,68,415,26,30,1684
2024-09-08,286,5268,3537,70,432,22,28,1687
2024-09-09,308,5216,3544,70,418,35,22,1690
2024-09-10,305,5156,3536,75,451,15,16,1691
2024-09-11,322,5089,3536,76,451,31,20,1691
2024-09-12,334,5106,3569,74,469,52,25,1695
2024-09-13,314,5082,3561,69,504,13,28,1699
2024-09-14,290,5094,3576,70,411,24,36,1701
2024-09-15,247,5090,3571,68,346,9,27,1702
2024-09-16,287,5120,3589,67,388,23,19,1702
2024-09-17,297,5116,3588,65,431,21,27,1707
2024-09-18,330,5138,3598,63,436,30,29,1711
2024-09-19,348,5150,3619,65,454,23,25,1712
2024-09-20,376,5190,3626,69,492,33,34,1712
2024-09-21,341,5248,3659,69,537,26,27,1715
2024-09-22,298,5262,3651,71,374,26,22,1718
2024-09-23,351,5296,3679,76,568,33,51,1722
2024-09-24,380,5353,3725,76,590,38,45,1729
2024-09-25,325,5360,3756,74,470,41,37,1732
2024-09-26,381,5397,3769,75,614,33,34,1734
2024-09-27,363,5429,3798,72,638,36,48,1741
2024-09-28,380,5489,3832,72,560,27,53,1748
2024-09-29,308,5520,3836,69,461,41,60,1762
2024-09-30,421,5602,3908,80,854,61,79,1770
2024-10-01,403,5635,3916,82,686,32,57,1783
2024-10-02,398,5692,3936,83,665,31,49,1787
2024-10-03,368,5730,3964,83,609,31,63,1795
2024-10-04,728,6063,4269,85,1219,58,103,1806
2024-10-05,558,6264,4450,86,889,41,99,1811
2024-10-06,423,6320,4503,90,722,38,74,1817
2024-10-07,448,6419,4566,95,752,47,49,1831
2024-10-08,437,6495,4618,93,780,36,80,1840
2024-10-09,419,6542,4635,93,759,41,47,1846
2024-10-10,424,6588,4666,98,863,33,47,1857
2024-10-11,433,6635,4693,106,752,32,54,1867
2024-10-12,359,6647,4712,113,644,22,50,1875
2024-10-13,326,6675,4723,114,550,30,52,1883
2024-10-14,405,6713,4737,117,619,37,58,1890
2024-10-15,437,6789,4775,118,700,36,53,1896
2024-10-16,458,6851,4817,122,978,32,66,1903
2024-10-17,445,6906,4856,126,778,42,58,1912
2024-10-18,510,6991,4915,135,895,38,86,1917
2024-10-19,432,7041,4941,137,888,31,52,1922
2024-10-20,401,7087,4966,148,684,34,57,1931
2024-10-21,451,7093,4956,148,768,45,87,1940
2024-10-22,454,7113,4972,154,853,41,52,1942
2024-10-23,471,7164,4992,161,738,41,45,1950
2024-10-24,438,7217,5013,163,805,29,55,1963
2024-10-25,458,7237,5032,172,929,21,54,1970
2024-10-26,424,7248,5027,173,755,31,69,1978
2024-10-27,364,7228,5034,173,598,54,38,1983
2024-10-28,426,7234,5022,173,722,50,49,1989
2024-10-29,445,7224,5031,180,975,37,58,1999
2024-10-30,447,7235,5042,181,816,24,88,2008
2024-10-31,456,7256,5055,182,818,25,39,2017
2024-11-01,423,6965,4756,184,780,28,21,2022
2024-11-02,371,6812,4587,180,620,17,9,2022
2024-11-03,321,6745,4517,170,434,24,9,2023
2024-11-04,353,6683,4462,169,524,14,7,2023
2024-11-05,375,6617,4420,165,518,22,21,2024
2024-11-06,369,6589,4381,162,548,25,41,2034
2024-11-07,390,6526,4321,162,651,21,18,2046
2024-11-08,434,6551,4327,169,831,50,56,2053
2024-11-09,434,6614,4368,171,819,41,74,2064
2024-11-10,335,6646,4409,172,612,23,33,2072
2024-11-11,406,6648,4409,170,675,45,46,2081
2024-11-12,426,6642,4421,177,690,27,59,2093
2024-11-13,414,6582,4396,174,637,26,40,2099
2024-11-14,415,6566,4400,172,692,33,50,2112
2024-11-15,442,6535,4390,161,734,42,44,2118
2024-11-16,369,6481,4350,152,603,37,45,2122
2024-11-17,335,6449,4342,149,490,25,9,2125
2024-11-18,398,6434,4316,147,538,24,10,2125
2024-11-19,372,6392,4283,147,547,33,5,2126
2024-11-20,357,6320,4235,146,552,27,4,2126
2024-11-21,341,6240,4195,143,439,12,7,2126
2024-11-22,345,6180,4148,138,517,18,8,2128
2024-11-23,300,6116,4116,138,409,12,11,2129
2024-11-24,287,6078,4094,130,437,29,51,2136
2024-11-25,354,6061,4088,127,545,41,50,2143
2024-11-26,379,6064,4083,125,603,29,49,2150
2024-11-27,399,6045,4097,128,750,36,49,2158
2024-11-28,366,6013,4082,129,616,12,43,2163
2024-11-29,375,5987,4089,125,692,36,52,2171
2024-11-30,366,5979,4111,127,620,58,59,2176
2024-12-01,301,5981,4133,132,590,16,72,2181
2024-12-02,381,5993,4160,138,784,49,55,2191
2024-12-03,437,6061,4208,142,854,44,52,2196
2024-12-04,462,6124,4231,141,745,48,77,2201
2024-12-05,456,6147,4236,139,747,24,37,2206
2024-12-06,424,6140,4227,137,752,44,49,2212
2024-12-07,410,6125,4229,139,822,35,58,2228
2024-12-08,386,6146,4239,138,679,22,50,2239
2024-12-09,448,6198,4267,139,730,37,47,2251
2024-12-10,434,6215,4254,135,667,45,58,2258
2024-12-11,448,6239,4263,132,745,45,65,2265
2024-12-12,440,6265,4253,130,716,28,57,2272
2024-12-13,470,6259,4230,129,826,21,35,2273
2024-12-14,424,6313,4245,130,640,25,30,2278
2024-12-15,358,6327,4251,124,515,38,44,2285
2024-12-16,366,6283,4239,126,524,18,32,2289
2024-12-17,400,6272,4243,128,662,56,29,2289
2024-12-18,418,6276,4231,130,647,10,27,2290
2024-12-19,424,6315,4232,130,575,37,17,2291
2024-12-20,414,6339,4236,130,580,14,6,2294
2024-12-21,359,6348,4234,137,515,27,14,2294
2024-12-22,288,6320,4205,138,389,17,10,2294
2024-12-23,358,6328,4198,138,493,14,6,2294
2024-12-24,335,6302,4168,138,449,13,6,2294
2024-12-25,241,6237,4096,135,303,8,6,2294
2024-12-26,270,6178,4065,128,365,6,5,2295
2024-12-27,291,6134,4033,124,359,22,14,2297
2024-12-28,312,6112,4003,125,466,71,64,2304
2024-12-29,317,6127,4019,125,525,38,46,2311
2024-12-30,323,6108,4018,119,494,24,39,2321
2024-12-31,378,6086,4013,114,612,24,45,2331
2025-01-01,395,6098,4088,113,515,48,89,2340
2025-01-02,371,6066,4089,115,687,33,28,2343
2025-01-03,368,6026,4060,112,478,21,26,2347
2025-01-04,323,5991,4041,110,503,32,18,2350
2025-01-05,275,5914,3986,106,484,20,14,2351
2025-01-06,310,5838,3954,98,399,15,24,2353
2025-01-07,345,5802,3941,91,509,23,21,2354
2025-01-08,348,5729,3900,89,554,35,23,2356
2025-01-09,372,5700,3892,90,567,30,25,2357
2025-01-10,410,5671,3887,84,610,28,18,2361
2025-01-11,349,5646,3878,83,460,18,20,2361
2025-01-12,315,5626,3862,83,457,39,26,2363
2025-01-13,340,5606,3848,86,496,27,20,2364
2025-01-14,344,5582,3832,85,458,28,24,2365
2025-01-15,367,5557,3836,89,571,19,18,2365
2025-01-16,366,5512,3823,92,510,39,15,2368
2025-01-17,374,5478,3819,93,525,42,61,2377
2025-01-18,339,5468,3817,91,692,37,87,2389
2025-01-19,301,5469,3835,92,444,18,20,2395
2025-01-20,331,5444,3838,94,456,21,6,2395
2025-01-21,331,5431,3853,90,425,14,12,2395
2025-01-22,344,5449,3868,88,439,10,8,2397
2025-01-23,320,5456,3867,91,414,18,6,2397
2025-01-24,372,5501,3886,91,521,38,37,2407
2025-01-25,430,5590,3966,94,626,52,86,2414
2025-01-26,463,5752,4126,96,744,64,71,2418
2025-01-27,385,5805,4169,91,567,37,43,2424
2025-01-28,405,5826,4185,94,582,55,49,2432
2025-01-29,375,5793,4115,99,574,20,33,2434
2025-01-30,431,5845,4116,99,643,31,36,2438
2025-01-31,384,5831,4119,95,579,39,43,2441
2025-02-01,382,5889,4156,97,565,14,24,2444
2025-02-02,289,5915,4169,99,430,27,29,2447
2025-02-03,370,5935,4187,102,511,24,19,2453
2025-02-04,396,5971,4210,106,606,39,33,2461
2025-02-05,373,6002,4231,110,516,27,29,2469
2025-02-06,399,6020,4264,110,498,33,26,2475
2025-02-07,409,6030,4292,110,686,49,58,2480
2025-02-08,368,6010,4289,106,537,38,70,2490
2025-02-09,342,6051,4323,105,590,33,67,2497
2025-02-10,343,6046,4335,103,532,30,87,2512
2025-02-11,399,6094,4369,106,675,44,80,2522
2025-02-12,374,6123,4403,106,628,43,62,2531
2025-02-13,432,6158,4433,110,716,37,77,2543
2025-02-14,456,6218,4447,113,677,38,49,2551
2025-02-15,470,6323,4494,110,671,26,48,2557
2025-02-16,371,6365,4498,111,613,40,55,2569
2025-02-17,446,6441,4524,112,627,23,55,2575
2025-02-18,462,6518,4557,110,673,28,66,2579
2025-02-19,456,6586,4610,116,724,31,158,2585
2025-02-20,494,6711,4672,119,764,65,65,2593
2025-02-21,1957,8220,5449,123,2448,53,121,2601
2025-02-22,671,8429,5427,122,1879,74,129,2613
2025-02-23,1271,9203,5304,121,1469,31,189,2633
2025-02-24,1351,10115,5658,120,2404,60,72,2643
2025-02-25,770,10397,5678,124,1749,54,88,2653
2025-02-26,593,10499,5688,124,982,45,67,2657
2025-02-27,716,10685,5691,121,2186,48,59,2663
2025-02-28,1030,11196,5753,118,1789,74,75,2664
2025-03-01,842,11523,5740,121,1643,33,51,2665
2025-03-02,803,11925,5758,122,1920,37,51,2667
2025-03-03,1286,12742,5758,119,1896,45,77,2671
2025-03-04,1282,13478,5755,117,1536,39,51,2673
2025-03-05,1245,14204,5774,117,1803,34,55,2674
2025-03-06,1269,14904,5806,118,2346,53,55,2675
2025-03-07,1265,15616,5843,117,2016,65,72,2679
2025-03-08,1209,16286,5847,119,2690,24,76,2682
2025-03-09,923,16741,5857,117,1259,40,45,2683
2025-03-10,1003,17253,5884,118,1341,28,55,2685
2025-03-11,1108,17783,5874,116,1727,54,34,2687
2025-03-12,1078,18341,5875,112,1313,40,32,2687
2025-03-13,1132,18910,5871,108,2007,31,151,2687
2025-03-14,2260,20388,6256,106,3258,62,88,2687
2025-03-15,1265,20956,6253,104,1452,45,25,2686
2025-03-16,1007,21396,6230,94,1189,24,17,2687
2025-03-17,1808,22568,6534,91,2380,40,75,2687
2025-03-18,1387,23247,6507,93,1609,32,19,2687
2025-03-19,1440,23952,6459,91,2675,31,36,2688
2025-03-20,2166,25400,6718,88,2694,56,76,2688
2025-03-21,1370,24706,5937,85,1889,45,39,2690
2025-03-22,1020,24992,5901,76,1240,58,13,2690
2025-03-23,1498,25110,6135,75,2286,33,92,2691
2025-03-24,1035,24717,5743,76,1539,31,44,2692
2025-03-25,1258,25154,5694,72,1986,40,34,2693
2025-03-26,1103,25592,5691,70,1360,42,24,2693
2025-03-27,1044,25855,5679,70,1373,44,52,2697
2025-03-28,1085,25988,5663,71,1395,66,80,2704
2025-03-29,972,26197,5683,72,1237,52,52,2705
2025-03-30,741,26146,5672,70,921,32,53,2710
2025-03-31,1318,26289,5800,71,1787,51,74,2716
2025-04-01,977,26155,5794,74,1389,90,53,2719
2025-04-02,1105,26099,5792,76,1466,61,42,2723
2025-04-03,1139,26068,5762,80,1576,29,55,2726
2025-04-04,1151,26011,5739,80,1514,60,36,2731
2025-04-05,1017,25848,5744,81,1225,47,66,2736
2025-04-06,980,25943,5754,79,1182,46,40,2741
2025-04-07,1094,25999,5750,82,1351,53,48,2746
2025-04-08,1212,26100,5755,79,1532,84,52,2750
2025-04-09,1254,26194,5754,79,1470,58,53,2753
2025-04-10,1245,26221,5773,77,1506,57,42,2758
2025-04-11,1351,25344,5398,74,1630,91,57,2763
2025-04-12,1083,25152,5413,77,1305,53,43,2765
2025-04-13,905,25037,5425,78,1072,22,34,2767
2025-04-14,991,24185,5117,82,1283,37,44,2772
2025-04-15,1013,23866,5135,82,1290,39,35,2777
2025-04-16,975,23431,5121,85,1143,49,41,2778
2025-04-17,976,22277,4833,92,1180,36,33,2782
2025-04-18,808,21782,4841,94,986,48,67,2783
2025-04-19,635,21489,4829,98,872,26,26,2786
2025-04-20,495,20571,4548,98,616,28,23,2787
2025-04-21,564,20159,4537,99,680,25,11,2788
2025-04-22,575,19547,4516,97,673,24,8,2787
2025-04-23,620,19121,4511,96,740,27,14,2787
2025-04-24,576,18695,4454,94,719,38,9,2788
2025-04-25,671,18328,4422,94,794,35,12,2789
2025-04-26,466,17929,4376,92,573,28,8,2790
2025-04-27,390,17676,4347,97,506,34,10,2790
2025-04-28,554,17008,4215,98,675,32,11,2790
2025-04-29,584,16667,4204,97,739,30,17,2791
2025-04-30,618,16308,4211,98,861,40,53,2799
2025-05-01,536,15835,4221,99,715,42,38,2803
2025-05-02,583,15375,4230,92,738,49,27,2807
2025-05-03,511,14975,4236,92,661,45,34,2809
2025-05-04,392,14520,4219,87,527,42,33,2811
2025-05-05,595,14193,4206,89,817,71,50,2816
2025-05-06,603,13761,4243,92,836,56,40,2822
2025-05-07,583,13281,4254,89,1169,43,27,2822
2025-05-08,606,12832,4251,92,1257,48,30,2824
2025-05-09,531,12220,4237,89,1184,32,30,2825
2025-05-10,416,11736,4191,91,1068,34,17,2825
2025-05-11,382,11341,4164,88,999,26,22,2826
2025-05-12,491,11034,4160,86,1111,28,13,2826
2025-05-13,517,10657,4132,86,1162,30,16,2828
2025-05-14,565,10346,4144,88,1259,33,25,2831
2025-05-15,517,9996,4143,89,1206,33,16,2834
2025-05-16,447,9720,4131,88,1091,34,34,2834
2025-05-17,407,9549,4134,87,853,19,19,2834
2025-05-18,327,9429,4148,83,772,31,10,2836
2025-05-19,316,9239,4138,87,889,14,18,2840
2025-05-20,390,9120,4144,88,978,35,13,2841
2025-05-21,389,8959,4129,83,967,31,29,2851
2025-05-22,400,8838,4149,82,676,67,23,2854
2025-05-23,423,8664,4137,81,1013,21,20,2861
2025-05-24,362,8568,4133,84,970,22,7,2862
2025-05-25,287,8474,4134,82,870,22,4,2862
2025-05-26,349,8326,4116,86,536,25,12,2864
2025-05-27,482,8282,4142,85,726,76,135,2867
2025-05-28,510,8206,4112,85,1042,107,26,2872
2025-05-29,554,8236,4110,87,979,80,59,2875
2025-05-30,1078,8694,4130,87,1455,170,135,2882
2025-05-31,663,8817,4160,83,915,103,98,2890
2025-06-01,513,8879,4180,85,675,55,51,2893
2025-06-02,727,8960,4203,86,1290,69,58,2894
2025-06-03,748,9056,4207,87,1463,75,50,2895
2025-06-04,714,9101,4228,87,1397,74,48,2899
2025-06-05,635,9089,4237,86,1264,45,24,2898
2025-06-06,469,8991,4209,86,1007,44,29,2900
2025-06-07,390,8940,4223,84,859,46,14,2901
2025-06-08,334,8903,4243,83,838,35,20,2901
2025-06-09,385,8791,4237,83,862,19,11,2900
2025-06-10,444,8723,4242,82,948,28,14,2901
2025-06-11,411,8590,4243,81,984,48,24,2905
2025-06-12,357,8426,4198,75,733,31,8,2906
2025-06-13,385,8371,4171,72,852,31,11,2905
2025-06-14,360,8306,4162,71,793,22,3,2905
2025-06-15,298,8245,4120,74,826,33,6,2906
2025-06-16,325,8261,4122,77,523,31,7,2908
2025-06-17,374,8249,4110,79,751,24,7,2907
2025-06-18,367,8240,4107,79,542,45,8,2908
2025-06-19,428,8278,4110,78,576,26,8,2908
2025-06-20,459,8302,4090,78,626,38,12,2908
2025-06-21,426,8373,4100,77,576,27,10,2910
2025-06-22,354,8417,4103,76,655,31,4,2910
2025-06-23,422,8461,4086,77,633,25,12,2912
2025-06-24,473,8437,4066,76,614,29,14,2912
2025-06-25,530,8486,4075,75,974,31,15,2912
2025-06-26,466,8442,4067,75,924,38,16,2913
2025-06-27,453,8017,4015,73,957,38,14,2913
2025-06-28,386,7850,3978,68,915,29,18,2913
2025-06-29,380,7813,3959,67,746,25,6,2913
2025-06-30,436,7691,3912,64,804,29,11,2914
2025-07-01,438,7502,3875,63,575,29,14,2916
2025-07-02,468,7377,3865,62,627,32,170,2917
2025-07-03,540,7322,3858,61,1055,64,16,2917
2025-07-04,577,7484,3842,57,1128,58,18,2909
2025-07-05,566,7672,3828,55,1138,33,9,2910
2025-07-06,474,7823,3819,52,1036,47,10,2909
2025-07-07,636,8012,3810,52,1176,50,18,2909
2025-07-08,603,8158,3822,48,819,50,13,2909
2025-07-09,595,8301,3816,47,1205,39,12,2910
2025-07-10,587,8453,3807,53,1185,43,11,2911
2025-07-11,571,8602,3810,53,1150,64,22,2911
2025-07-12,526,8752,3812,49,1098,35,17,2913
2025-07-13,436,8868,3805,46,930,35,8,2913
2025-07-14,460,8957,3799,45,1052,23,5,2914
2025-07-15,499,9050,3797,46,1051,24,7,2914
2025-07-16,514,9135,3782,45,1002,30,11,2914
2025-07-17,535,9187,3742,45,1133,34,9,2916
2025-07-18,525,9237,3721,45,1147,36,14,2919
2025-07-19,514,9292,3715,45,1143,25,10,2920
2025-07-20,387,9301,3685,46,949,38,7,2919
2025-07-21,513,9372,3684,43,1097,30,12,2919
2025-07-22,470,9348,3643,45,993,38,15,2918
2025-07-23,511,9299,3601,44,1075,36,9,2920
2025-07-24,515,9307,3602,45,1084,42,11,2920
2025-07-25,475,9322,3602,45,1079,37,9,2920
2025-07-26,453,9381,3620,45,1005,44,8,2920
2025-07-27,368,9341,3611,45,913,25,6,2920
2025-07-28,467,9347,3599,43,1047,29,12,2920
2025-07-29,450,9342,3588,42,1017,15,7,2920
2025-07-30,469,9309,3574,41,946,43,8,2920
2025-07-31,495,9252,3536,42,931,38,11,2921
2025-08-01,496,9187,3524,40,807,29,18,2922
2025-08-02,430,9073,3497,39,985,30,18,2923
2025-08-03,377,8993,3473,38,877,22,8,2923
2025-08-04,435,8853,3448,37,804,35,5,2924
2025-08-05,454,8771,3429,38,916,16,7,2924
2025-08-06,579,8787,3421,40,1151,44,181,2924
2025-08-07,669,8868,3435,34,1221,85,41,2924
2025-08-08,657,8932,3442,38,1345,68,41,2927
2025-08-09,584,8984,3440,39,1239,55,37,2930
2025-08-10,668,9169,3478,40,1006,55,43,2930
2025-08-11,570,9247,3482,44,1083,47,18,2930
2025-08-12,602,9321,3467,40,1141,26,22,2930
2025-08-13,615,9400,3482,38,1159,46,25,2931
2025-08-14,636,9493,3524,39,863,26,26,2931
2025-08-15,562,9511,3526,40,1073,41,58,2932
2025-08-16,485,9515,3519,38,976,24,10,2931
2025-08-17,419,9514,3517,37,893,20,8,2931
2025-08-18,462,9449,3494,38,923,24,12,2932
2025-08-19,488,9460,3503,37,979,44,11,2932
2025-08-20,557,9489,3520,37,1076,21,18,2932
2025-08-21,531,9516,3488,37,1008,35,24,2933
2025-08-22,519,9519,3499,32,788,57,203,2935
2025-08-23,456,9522,3492,35,1024,40,25,2935
2025-08-24,433,9576,3499,35,1022,41,17,2936
2025-08-25,612,9693,3499,35,1177,52,39,2938
2025-08-26,549,9759,3504,33,1136,34,12,2938
2025-08-27,493,9774,3508,34,1090,47,16,2938
2025-08-28,519,9759,3500,37,818,27,14,2939
2025-08-29,649,9893,3501,38,1228,72,38,2940
2025-08-30,548,9992,3535,38,1017,45,34,2941
2025-08-31,431,10019,3548,40,951,26,19,2941
2025-09-01,486,10049,3533,40,978,38,32,2941
2025-09-02,577,10150,3540,42,1069,37,27,2941
2025-09-03,521,10129,3540,44,1061,31,20,2941
2025-09-04,514,10042,3522,45,866,39,14,2943
2025-09-05,503,10028,3524,46,1036,49,26,2946
2025-09-06,359,9861,3511,45,866,43,12,2946
2025-09-07,317,9644,3496,44,811,31,14,2947
2025-09-08,402,9598,3490,43,581,36,20,2947
2025-09-09,669,9729,3503,45,1059,58,53,2948
2025-09-10,694,9880,3537,43,1310,64,67,2950
2025-09-11,1134,10425,3542,42,1587,54,79,2950
2025-09-12,743,10627,3551,41,1274,45,48,2953
2025-09-13,432,10583,3541,44,1002,42,21,2956
2025-09-14,329,10515,3526,41,906,28,18,2956
2025-09-15,505,10591,3531,40,1039,38,36,2958
2025-09-16,468,10582,3558,42,1032,23,28,2960
2025-09-17,716,10756,3571,42,1205,50,61,2962
2025-09-18,451,10701,3600,41,571,23,37,2966
2025-09-19,894,11096,3608,40,1040,76,72,2968
2025-09-20,484,11111,3598,40,577,33,26,2970
2025-09-21,349,11044,3600,41,418,24,11,2972
2025-09-22,451,10921,3587,43,530,27,27,2973
2025-09-23,528,10932,3592,43,721,30,200,2975
2025-09-24,538,10980,3583,44,1101,40,58,2977
2025-09-25,573,10967,3562,44,1102,32,32,2977
2025-09-26,841,11157,3583,50,980,64,82,2975
2025-09-27,610,11219,3595,49,1010,30,33,2975
2025-09-28,415,11182,3585,51,754,36,33,2973
2025-09-29,450,11145,3595,54,949,35,21,2973
2025-09-30,638,11245,3593,50,1011,28,31,2973
2025-10-01,529,11213,3588,50,967,40,32,2974
2025-10-02,526,11176,3593,50,1028,73,32,2974
2025-10-03,585,11214,3606,50,1000,57,40,2975
2025-10-04,743,11571,3602,49,1173,54,40,2977
2025-10-05,375,11605,3623,51,824,29,21,2976
2025-10-06,368,11569,3641,51,883,33,22,2979
2025-10-07,377,11332,3622,52,876,25,13,2980
2025-10-08,396,11046,3603,52,873,44,13,2981
2025-10-09,373,10381,3587,51,755,51,12,2980
2025-10-10,396,10066,3580,52,851,41,15,2981
2025-10-11,350,9993,3595,51,825,44,26,2982
2025-10-12,337,9999,3605,53,540,49,12,2981
2025-10-13,358,9877,3594,50,489,52,13,2981
2025-10-14,345,9781,3584,48,479,40,16,2982
2025-10-15,432,9514,3552,48,930,25,25,2984
2025-10-16,340,9417,3531,47,809,32,17,2985
2025-10-17,372,8942,3536,43,883,88,38,2987
2025-10-18,315,8808,3530,41,833,50,40,2993
2025-10-19,288,8721,3512,44,753,21,22,2996
2025-10-20,332,8642,3513,46,807,40,18,2999
2025-10-21,349,8492,3509,45,826,32,20,3001
2025-10-22,374,8355,3523,41,859,30,10,3003
2025-10-23,345,8160,3533,41,863,32,25,3005
2025-10-24,352,7738,3500,42,811,33,9,3007
2025-10-25,335,7528,3491,43,822,23,12,3007
2025-10-26,305,7443,3477,45,755,23,1,3007
2025-10-27,358,7386,3468,47,417,25,9,3007
2025-10-28,439,7230,3473,43,498,34,12,3009
2025-10-29,437,7197,3500,43,507,52,19,3010
2025-10-30,407,7124,3503,42,452,42,7,3009
2025-10-31,390,6970,3473,41,814,36,10,3010
2025-11-01,324,6571,3477,41,539,56,205,3018
2025-11-02,276,6491,3472,39,622,33,32,3019
2025-11-03,401,6516,3514,39,1025,36,40,3020
2025-11-04,419,6545,3559,38,1032,47,43,3023
2025-11-05,445,6585,3587,38,1059,62,70,3030
2025-11-06,466,6654,3640,40,1051,92,38,3037
2025-11-07,616,6854,3690,42,1319,64,68,3040
2025-11-08,507,6962,3702,46,1137,60,36,3042
2025-11-09,387,6983,3718,46,956,52,39,3045
2025-11-10,435,7006,3754,46,1015,53,33,3049
2025-11-11,486,7084,3801,47,1108,115,68,3058
2025-11-12,542,7140,3839,45,1133,52,51,3062
2025-11-13,471,7206,3868,44,1034,48,49,3063
2025-11-14,513,7305,3876,44,1115,79,33,3065
2025-11-15,499,7433,3886,43,1094,51,211,3070
2025-11-16,434,7563,3900,47,1036,44,29,3076
2025-11-17,415,7599,3915,53,990,51,47,3077
2025-11-18,480,7667,3925,55,1045,50,30,3080
2025-11-19,414,7702,3938,55,591,37,19,3080
2025-11-20,520,7836,3953,55,651,41,49,3083
2025-11-21,689,8059,3996,56,851,75,41,3085
2025-11-22,527,8165,4009,56,647,63,43,3085
2025-11-23,435,8243,4020,57,514,48,18,3088
2025-11-24,602,8420,4072,59,721,63,25,3090
2025-11-25,605,8529,4111,59,777,55,40,3093
2025-11-26,558,8601,4136,59,680,53,42,3096
2025-11-27,461,8622,4145,61,557,43,31,3099
2025-11-28,505,8672,4161,65,796,49,28,3104
2025-11-29,473,8775,4171,67,604,42,32,3107
2025-11-30,332,8812,4179,70,470,37,33,3110
2025-12-01,443,8819,4169,69,562,54,27,3115
2025-12-02,611,8959,4148,73,758,43,54,3117
2025-12-03,635,9130,4155,77,809,59,38,3122
2025-12-04,530,9175,4167,73,707,73,40,3127
2025-12-05,453,9090,4151,76,604,45,20,3131
2025-12-06,436,9040,4118,75,549,44,34,3137
2025-12-07,329,8980,4086,74,438,51,23,3142
2025-12-08,374,8963,4075,76,497,46,18,3144
2025-12-09,418,8938,4050,74,480,33,13,3144
2025-12-10,468,8909,4010,70,571,32,17,3145
2025-12-11,439,8900,3992,68,550,33,13,3145
2025-12-12,375,8808,3961,67,432,50,7,3147
2025-12-13,367,8709,3954,63,473,33,17,3153
2025-12-14,303,8591,3932,66,428,42,44,3158
2025-12-15,373,8575,3921,65,523,58,34,3163
2025-12-16,521,8633,3936,67,729,57,33,3163
2025-12-17,532,8715,3944,62,676,63,40,3173
2025-12-18,444,8650,3949,63,564,56,22,3176
2025-12-19,402,8475,3940,62,501,29,8,3183
2025-12-20,421,8367,3935,65,617,96,19,3191
2025-12-21,356,8279,3942,64,449,35,17,3196
2025-12-22,389,8132,3937,66,487,42,22,3200
2025-12-23,383,7959,3916,63,524,51,22,3204
2025-12-24,415,7832,3876,62,563,44,27,3208
2025-12-25,264,7731,3843,59,344,54,34,3214
2025-12-26,456,7721,3813,62,545,48,37,3216
2025-12-27,445,7721,3833,62,638,39,31,3220
2025-12-28,389,7772,3854,62,561,58,40,3224
2025-12-29,412,7758,3846,64,534,47,38,3225
2025-12-30,528,7725,3867,68,745,51,35,3229
2025-12-31,459,7598,3855,69,633,56,28,3230
2026-01-01,327,7482,3819,65,437,34,32,3234
2026-01-02,425,7473,3788,65,526,38,9,3234
2026-01-03,507,7530,3784,65,608,27,14,3237
2026-01-04,379,7569,3773,62,484,33,10,3237
2026-01-05,383,7569,3770,64,491,54,8,3237
2026-01-06,431,7557,3762,65,521,36,9,3237
2026-01-07,393,7500,3756,65,524,102,8,3238
2026-01-08,389,7471,3753,66,541,58,50,3247
2026-01-09,437,7491,3767,67,603,38,28,3251
2026-01-10,386,7503,3743,70,535,50,13,3257
2026-01-11,367,7546,3755,75,587,55,26,3261
2026-01-12,372,7546,3740,73,585,15,17,3263
2026-01-13,629,7663,3712,73,837,62,22,3265
2026-01-14,592,7729,3695,73,726,93,35,3269
2026-01-15,458,7752,3678,73,702,62,190,3274
2026-01-16,579,7891,3694,77,812,65,73,3276
2026-01-17,620,8037,3698,77,825,64,26,3281
2026-01-18,437,8094,3721,74,559,48,38,3285
2026-01-19,413,8093,3700,74,608,75,40,3287
2026-01-20,478,8156,3715,71,649,153,43,3292
2026-01-21,531,8217,3722,69,667,53,57,3295
2026-01-22,541,8351,3768,73,826,59,53,3298
2026-01-23,561,8404,3819,78,808,39,56,3303
2026-01-24,447,8379,3828,76,594,54,44,3309
2026-01-25,396,8387,3870,71,578,68,57,3316
2026-01-26,430,8367,3885,69,559,39,41,3318
2026-01-27,466,8324,3903,70,622,102,41,3324
2026-01-28,515,8337,3953,71,702,34,48,3330
2026-01-29,489,8433,3998,75,748,63,61,3337
2026-01-30,481,8428,4018,81,623,27,14,3340
2026-01-31,410,8346,4014,88,1213,40,22,3343
2026-02-01,386,8337,4041,87,1224,55,19,3347
2026-02-02,335,8291,4029,85,1157,85,18,3348
2026-02-03,371,8223,4007,87,1181,27,3,3348
2026-02-04,413,8173,3969,86,1163,29,14,3348
2026-02-05,398,8199,3973,87,1013,29,16,3348
2026-02-06,388,8171,3951,79,490,40,11,3348
2026-02-07,353,8145,3954,80,1096,20,8,3347
2026-02-08,275,8078,3933,80,1100,34,16,3346
2026-02-09,335,8049,3930,80,1104,121,10,3347
2026-02-10,382,7851,3927,78,743,67,26,3351
2026-02-11,395,7691,3909,80,454,54,20,3351
2026-02-12,436,7690,3918,76,532,51,22,3351
2026-02-13,398,7587,3917,73,1062,43,33,3353
2026-02-14,344,7381,3869,69,1186,48,11,3353
2026-02-15,327,7315,3843,67,450,44,19,3354
2026-02-16,345,7293,3842,66,418,80,6,3353
2026-02-17,385,7265,3827,66,1183,31,18,3353
2026-02-18,371,7169,3794,64,1197,34,9,3353
2026-02-19,353,7056,3755,62,1124,72,11,3355
2026-02-20,392,6982,3744,55,504,36,33,3356
2026-02-21,374,6966,3740,55,1019,62,37,3360
2026-02-22,354,6961,3699,49,983,45,17,3362
2026-02-23,567,7151,3699,47,1237,55,46,3363
2026-02-24,581,7254,3699,45,1279,54,43,3365
2026-02-25,547,7304,3687,46,1286,43,32,3372
2026-02-26,476,7342,3685,47,1194,56,37,3377
2026-02-27,488,7356,3690,49,1111,68,31,3380
2026-02-28,416,7341,3695,49,1160,66,40,3386
2026-03-01,370,7313,3681,45,1078,47,40,3386
2026-03-02,442,7377,3705,49,1171,61,21,3390
2026-03-03,430,7434,3733,50,1190,47,16,3391
2026-03-04,413,7470,3764,52,1166,60,32,3392
2026-03-05,414,7462,3759,57,1168,39,31,3395
2026-03-06,424,7473,3776,56,1002,63,38,3398
2026-03-07,349,7455,3777,54,990,31,11,3398
2026-03-08,291,7451,3774,54,839,87,9,3397
2026-03-09,353,7462,3760,56,828,31,5,3398
2026-03-10,397,7460,3763,55,889,41,19,3399
2026-03-11,412,7445,3753,56,890,38,14,3398
2026-03-12,358,7403,3744,55,557,96,7,3399
2026-03-13,391,7406,3748,54,444,53,13,3400
2026-03-14,344,7414,3737,55,415,49,10,3400
2026-03-15,261,7357,3719,55,348,51,9,3403
2026-03-16,293,7323,3698,54,574,35,11,3403
2026-03-17,316,7264,3685,52,725,49,18,3403
2026-03-18,359,7239,3682,55,675,55,24,3406
2026-03-19,393,7233,3690,62,1017,52,57,3413
2026-03-20,420,7220,3701,63,1034,39,33,3417
2026-03-21,362,7220,3728,65,908,64,25,3421
2026-03-22,300,7184,3751,66,840,59,25,3424
2026-03-23,400,7065,3780,66,620,46,31,3426
2026-03-24,494,7061,3902,66,1092,63,59,3427
2026-03-25,409,6964,3895,68,916,64,10,3426
2026-03-26,361,6887,3893,64,859,47,4,3426
2026-03-27,359,6820,3868,61,797,48,8,3426
2026-03-28,355,6785,3867,58,849,41,11,3426
2026-03-29,272,6740,3878,57,737,44,8,3426
2026-03-30,321,6657,3854,60,825,33,23,3429
2026-03-31,392,6656,3870,56,855,68,22,3430
2026-04-01,396,6682,3885,53,926,55,23,3429
2026-04-02,373,6673,3898,57,896,46,23,3432
2026-04-03,397,6685,3896,58,943,67,33,3434
2026-04-04,400,6737,3897,56,950,102,22,3437
2026-04-05,276,6724,3884,53,516,56,13,3441
2026-04-06,358,6747,3882,55,969,40,14,3445
2026-04-07,436,6788,3889,56,951,45,21,3449
2026-04-08,435,6828,3904,56,959,46,22,3454
2026-04-09,425,6850,3881,55,857,47,13,3456
2026-04-10,437,6878,3893,57,954,72,18,3458
2026-04-11,330,6860,3897,60,815,61,19,3461
2026-04-12,297,6896,3901,61,767,40,16,3464
2026-04-13,352,6928,3905,60,738,58,9,3464
2026-04-14,409,6984,3904,59,919,50,9,3467
2026-04-15,396,7003,3899,58,912,47,17,3470
2026-04-16,396,6995,3877,54,707,59,10,3472
2026-04-17,380,6991,3875,51,905,62,17,3476
2026-04-18,395,7005,3877,52,998,66,17,3479
2026-04-19,295,7002,3846,47,917,58,14,3481
2026-04-20,452,7057,3812,49,1056,82,22,3484
2026-04-21,438,6968,3663,46,1088,56,52,3488
2026-04-22,468,7006,3648,48,1098,43,23,3492
2026-04-23,457,7068,3647,48,767,49,20,3494
2026-04-24,439,7131,3688,48,977,72,13,3495
2026-04-25,354,7109,3658,48,850,52,20,3499
2026-04-26,327,7138,3656,49,853,58,16,3503
2026-04-27,366,7159,3658,49,868,52,21,3503
2026-04-28,419,7141,3620,53,928,67,17,3505
2026-04-29,396,7128,3594,56,967,49,19,3510
2026-04-30,348,7114,3585,55,891,83,23,3513
2026-05-01,385,7073,3582,56,916,48,41,3516
2026-05-02,320,7021,3586,54,831,64,23,3518
2026-05-03,259,7016,3611,55,318,82,16,3519
2026-05-04,354,7022,3642,54,883,93,31,3524
2026-05-05,383,6989,3642,57,917,35,15,3525
2026-05-06,363,6933,3638,58,878,39,9,3524
