TitleNumber,Title,WtrPubIndicator,PubType,Participant,Share,IPNameNumber,CurrentAffliation,RegistrationDate,RegistrationOrigin,ISWCNumber,SongviewStatus
41639066,HEAD DROP,P,O,MANUSCRIPT,0.00,00686021835,"NA      ",01/31/2020,WORKS REGISTRATION,T9313709205,Reconciled
41639066,HEAD DROP,W," ",BRAY LEIGH,200.00,01017500116,"BMI     ",01/31/2020,WORKS REGISTRATION,T9313709205,Reconciled
47653412,MORE THAN THIS FT KATIE SKY,W," ",DONAIS MATHIEU,33.34,00829048422,"SOCAN   ",11/05/2020,WORKS REGISTRATION,"           ",Pending Society Review
47653412,MORE THAN THIS FT KATIE SKY,P,O,ROTTUN EXCISION MUSIC,33.34,00717259432,"ASCAP   ",11/05/2020,WORKS REGISTRATION,"           ",Pending Society Review
47653412,MORE THAN THIS FT KATIE SKY,P,O,EXCISION ROTTUN PUBLISHING,66.66,01048040591,"BMI     ",11/05/2020,WORKS REGISTRATION,"           ",Pending Society Review
47653412,MORE THAN THIS FT KATIE SKY,W," ",SKY KATY,33.33,"           ","NA      ",11/05/2020,WORKS REGISTRATION,"           ",Pending Society Review
47653412,MORE THAN THIS FT KATIE SKY,W," ",BRAY LEIGH,33.33,01017500116,"BMI     ",11/05/2020,WORKS REGISTRATION,"           ",Pending Society Review
50869180,I NEED YOUR HIGH,P,O,WAKAAN SSKWAN MUSICAL ODDITIES,100.00,01079032660,"BMI     ",07/19/2021,WORKS REGISTRATION,T3060195106,Reconciled
50869180,I NEED YOUR HIGH,W," ",ROSE EMILY,50.00,00649339116,"BMI     ",07/19/2021,WORKS REGISTRATION,T3060195106,Reconciled
50869180,I NEED YOUR HIGH,W," ",BRAY LEIGH,50.00,01017500116,"BMI     ",07/19/2021,WORKS REGISTRATION,T3060195106,Reconciled
52913738,TAKE YOU HIGHER,P,S,TENYOR MUSIC,100.00,00263286262,"BMI     ",11/29/2021,WORKS REGISTRATION,T3080719542,Pending Society Review
52913738,TAKE YOU HIGHER,P,O,DSV AUDIO,0.00,"           ","NA      ",11/29/2021,WORKS REGISTRATION,T3080719542,Pending Society Review
52913738,TAKE YOU HIGHER,W," ",BRAY LEIGH,100.00,01017500116,"BMI     ",11/29/2021,WORKS REGISTRATION,T3080719542,Pending Society Review
66786722,K O,P,O,MANUSCRIPT,0.00,00686021835,"NA      ",04/04/2024,WORKS REGISTRATION,T3245484140,Reconciled
66786722,K O,W," ",BRAY LEIGH,200.00,01017500116,"BMI     ",04/04/2024,WORKS REGISTRATION,T3245484140,Reconciled
66786725,KEEP MOVING,P,O,MANUSCRIPT,0.00,00686021835,"NA      ",04/04/2024,WORKS REGISTRATION,T3245484082,Reconciled
66786725,KEEP MOVING,W," ",BRAY LEIGH,200.00,01017500116,"BMI     ",04/04/2024,WORKS REGISTRATION,T3245484082,Reconciled
66786731,SPACECRAFT,P,O,MANUSCRIPT,0.00,00686021835,"NA      ",04/04/2024,WORKS REGISTRATION,T3245483896,Reconciled
66786731,SPACECRAFT,W," ",BRAY LEIGH,200.00,01017500116,"BMI     ",04/04/2024,WORKS REGISTRATION,T3245483896,Reconciled
66786756,TONIGHT,P,O,MANUSCRIPT,0.00,00686021835,"NA      ",04/04/2024,WORKS REGISTRATION,T3245484071,Reconciled
66786756,TONIGHT,W," ",BRAY LEIGH,200.00,01017500116,"BMI     ",04/04/2024,WORKS REGISTRATION,T3245484071,Reconciled
67036831,FALLING,P,O,MANUSCRIPT,0.00,00686021835,"NA      ",04/22/2024,WORKS REGISTRATION,T3249652282,Reconciled
67036831,FALLING,W," ",BRAY LEIGH,200.00,01017500116,"BMI     ",04/22/2024,WORKS REGISTRATION,T3249652282,Reconciled
67036839,FREE,P,O,SONGTRUST BLVD,100.00,00615755145,"BMI     ",04/22/2024,WORKS REGISTRATION,T3249732585,Reconciled
67036839,FREE,W," ",BRAY LEIGH,100.00,01017500116,"BMI     ",04/22/2024,WORKS REGISTRATION,T3249732585,Reconciled
67036842,WASTED,P,O,MANUSCRIPT,0.00,00686021835,"NA      ",04/22/2024,WORKS REGISTRATION,T3249732518,Reconciled
67036842,WASTED,W," ",PARKEY COLE PATRICK MR,100.00,00859008809,"BMI     ",04/22/2024,WORKS REGISTRATION,T3249732518,Reconciled
67036842,WASTED,W," ",BRAY LEIGH,100.00,01017500116,"BMI     ",04/22/2024,WORKS REGISTRATION,T3249732518,Reconciled
67036886,SET ME FREE,P,O,MANUSCRIPT,0.00,00686021835,"NA      ",04/22/2024,WORKS REGISTRATION,T3249732507,Reconciled
67036886,SET ME FREE,W," ",BRAY LEIGH,200.00,01017500116,"BMI     ",04/22/2024,WORKS REGISTRATION,T3249732507,Reconciled
67036910,NEED U,P,O,MANUSCRIPT,0.00,00686021835,"NA      ",04/22/2024,WORKS REGISTRATION,T3249651858,Reconciled
67036910,NEED U,W," ",AUTOLINO ANTHONY JOHN,100.00,00387582213,"BMI     ",04/22/2024,WORKS REGISTRATION,T3249651858,Reconciled
67036910,NEED U,W," ",BRAY LEIGH,100.00,01017500116,"BMI     ",04/22/2024,WORKS REGISTRATION,T3249651858,Reconciled
67036923,CRASHING,P,O,SONGTRUST BLVD,50.00,00615755145,"BMI     ",04/22/2024,WORKS REGISTRATION,T3026353146,Reconciled
67036923,CRASHING,W," ",DONAIS MATHIEU,50.00,00829048422,"SOCAN   ",04/22/2024,WORKS REGISTRATION,T3026353146,Reconciled
67036923,CRASHING,P,O,GRANT KNOCHE MUSIC,50.00,01011779090,"ASCAP   ",04/22/2024,WORKS REGISTRATION,T3026353146,Reconciled
67036923,CRASHING,W," ",BRAY LEIGH,50.00,01017500116,"BMI     ",04/22/2024,WORKS REGISTRATION,T3026353146,Reconciled
67036925,IT AIN T OVER,P,O,MANUSCRIPT,0.00,00686021835,"NA      ",04/22/2024,WORKS REGISTRATION,T3249651916,Reconciled
67036925,IT AIN T OVER,W," ",BRAY LEIGH,200.00,01017500116,"BMI     ",04/22/2024,WORKS REGISTRATION,T3249651916,Reconciled
67036943,LOVER,P,O,SONGTRUST BLVD,100.00,00615755145,"BMI     ",04/22/2024,WORKS REGISTRATION,T3249651541,Reconciled
67036943,LOVER,W," ",BRAY LEIGH,100.00,01017500116,"BMI     ",04/22/2024,WORKS REGISTRATION,T3249651541,Reconciled
67036950,DANCE WITH ME,P,O,SONGTRUST BLVD,100.00,00615755145,"BMI     ",04/22/2024,WORKS REGISTRATION,T3249651745,Reconciled
67036950,DANCE WITH ME,W," ",BRAY LEIGH,100.00,01017500116,"BMI     ",04/22/2024,WORKS REGISTRATION,T3249651745,Reconciled
67036953,HEAD BANG,P,O,MANUSCRIPT,0.00,00686021835,"NA      ",04/22/2024,WORKS REGISTRATION,T3249651552,Reconciled
67036953,HEAD BANG,W," ",BRAY LEIGH,200.00,01017500116,"BMI     ",04/22/2024,WORKS REGISTRATION,T3249651552,Reconciled
67037069,CAN YOU FEEL,P,O,MANUSCRIPT,0.00,00686021835,"NA      ",04/22/2024,WORKS REGISTRATION,T3249732369,Reconciled
67037069,CAN YOU FEEL,W," ",BRAY LEIGH,200.00,01017500116,"BMI     ",04/22/2024,WORKS REGISTRATION,T3249732369,Reconciled
67037083,ALIEN SHIT,P,O,MANUSCRIPT,0.00,00686021835,"NA      ",04/22/2024,WORKS REGISTRATION,T3249731902,Reconciled
67037083,ALIEN SHIT,W," ",BRAY LEIGH,100.00,01017500116,"BMI     ",04/22/2024,WORKS REGISTRATION,T3249731902,Reconciled
67037083,ALIEN SHIT,W," ",DOWNEY CHASE RYAN MR,100.00,01088747017,"BMI     ",04/22/2024,WORKS REGISTRATION,T3249731902,Reconciled
67037116,TAKE ME UP,P,O,MANUSCRIPT,0.00,00686021835,"NA      ",04/22/2024,WORKS REGISTRATION,T3249731582,Reconciled
67037116,TAKE ME UP,W," ",BRAY LEIGH,200.00,01017500116,"BMI     ",04/22/2024,WORKS REGISTRATION,T3249731582,Reconciled
67037123,COSMIC SOUNDS,P,O,MANUSCRIPT,0.00,00686021835,"NA      ",04/22/2024,WORKS REGISTRATION,T3249731764,Reconciled
67037123,COSMIC SOUNDS,W," ",BRAY LEIGH,200.00,01017500116,"BMI     ",04/22/2024,WORKS REGISTRATION,T3249731764,Reconciled
67037125,I M A SAVAGE,P,O,MANUSCRIPT,0.00,00686021835,"NA      ",04/22/2024,WORKS REGISTRATION,T3249731708,Reconciled
67037125,I M A SAVAGE,W," ",BRAY LEIGH,200.00,01017500116,"BMI     ",04/22/2024,WORKS REGISTRATION,T3249731708,Reconciled
67037160,MOVE BACK,P,O,MANUSCRIPT,0.00,00686021835,"NA      ",06/26/2024,WORKS REGISTRATION,"           ",Pending Society Review
67037160,MOVE BACK,W," ",DESMET MAARTEN,100.00,"           ","NA      ",06/26/2024,WORKS REGISTRATION,"           ",Pending Society Review
67037160,MOVE BACK,W," ",BRAY LEIGH,100.00,01017500116,"BMI     ",06/26/2024,WORKS REGISTRATION,"           ",Pending Society Review
67037190,COME GET SOME,P,O,MANUSCRIPT,0.00,00686021835,"NA      ",06/26/2024,WORKS REGISTRATION,"           ",Pending Society Review
67037190,COME GET SOME,W," ",BRAY LEIGH,100.00,01017500116,"BMI     ",06/26/2024,WORKS REGISTRATION,"           ",Pending Society Review
67037190,COME GET SOME,W," ",DRAVECZ ANDREW,100.00,"           ","NA      ",06/26/2024,WORKS REGISTRATION,"           ",Pending Society Review
67037194,BLAZIN,P,O,MANUSCRIPT,0.00,00686021835,"NA      ",06/26/2024,WORKS REGISTRATION,"           ",Pending Society Review
67037194,BLAZIN,W," ",GARBUTT SCOTT,100.00,"           ","NA      ",06/26/2024,WORKS REGISTRATION,"           ",Pending Society Review
67037194,BLAZIN,W," ",BRAY LEIGH,100.00,01017500116,"BMI     ",06/26/2024,WORKS REGISTRATION,"           ",Pending Society Review
67037223,STEP ASIDE,P,O,MANUSCRIPT,0.00,00686021835,"NA      ",04/22/2024,WORKS REGISTRATION,T3249650355,Reconciled
67037223,STEP ASIDE,W," ",BRAY LEIGH,200.00,01017500116,"BMI     ",04/22/2024,WORKS REGISTRATION,T3249650355,Reconciled
67037229,SHAKE THE BLOCK,P,O,MANUSCRIPT,0.00,00686021835,"NA      ",04/22/2024,WORKS REGISTRATION,T3249650139,Reconciled
67037229,SHAKE THE BLOCK,W," ",BRAY LEIGH,200.00,01017500116,"BMI     ",04/22/2024,WORKS REGISTRATION,T3249650139,Reconciled
67037232,BREAK THAT,P,O,MANUSCRIPT,0.00,00686021835,"NA      ",06/26/2024,WORKS REGISTRATION,"           ",Pending Society Review
67037232,BREAK THAT,W," ",MEADE JEFFREY,100.00,"           ","NA      ",06/26/2024,WORKS REGISTRATION,"           ",Pending Society Review
67037232,BREAK THAT,W," ",BRAY LEIGH,100.00,01017500116,"BMI     ",06/26/2024,WORKS REGISTRATION,"           ",Pending Society Review
67037234,WESTSIDE ROLLIN,P,O,MANUSCRIPT,0.00,00686021835,"NA      ",04/22/2024,WORKS REGISTRATION,T3249650684,Reconciled
67037234,WESTSIDE ROLLIN,W," ",BRAY LEIGH,200.00,01017500116,"BMI     ",04/22/2024,WORKS REGISTRATION,T3249650684,Reconciled
67147288,ROLLERCOASTER,P,O,MANUSCRIPT,0.00,00686021835,"NA      ",04/28/2024,WORKS REGISTRATION,T3252386639,Reconciled
67147288,ROLLERCOASTER,W," ",BRAY LEIGH,200.00,01017500116,"BMI     ",04/28/2024,WORKS REGISTRATION,T3252386639,Reconciled
67273633,JOURNEY,P,O,MANUSCRIPT,0.00,00686021835,"NA      ",05/03/2024,WORKS REGISTRATION,T3252182513,Reconciled
67273633,JOURNEY,W," ",BRAY LEIGH,200.00,01017500116,"BMI     ",05/03/2024,WORKS REGISTRATION,T3252182513,Reconciled
67273652,FAT BLUNTZ,P,O,MANUSCRIPT,0.00,00686021835,"NA      ",05/03/2024,WORKS REGISTRATION,T3252274474,Reconciled
67273652,FAT BLUNTZ,W," ",BRAY LEIGH,200.00,01017500116,"BMI     ",05/03/2024,WORKS REGISTRATION,T3252274474,Reconciled
67273656,LOSING MYSELF,P,O,MANUSCRIPT,0.00,00686021835,"NA      ",05/03/2024,WORKS REGISTRATION,T3252274418,Reconciled
67273656,LOSING MYSELF,W," ",BRAY LEIGH,200.00,01017500116,"BMI     ",05/03/2024,WORKS REGISTRATION,T3252274418,Reconciled
67286338,TEAR UP,P,O,MANUSCRIPT,0.00,00686021835,"NA      ",05/04/2024,WORKS REGISTRATION,T3253356939,Pending Society Review
67286338,TEAR UP,W," ",BRAY LEIGH,200.00,01017500116,"BMI     ",05/04/2024,WORKS REGISTRATION,T3253356939,Pending Society Review
67286369,RUSH,P,O,MANUSCRIPT,0.00,00686021835,"NA      ",05/04/2024,WORKS REGISTRATION,T3253357067,Reconciled
67286369,RUSH,W," ",BRAY LEIGH,200.00,01017500116,"BMI     ",05/04/2024,WORKS REGISTRATION,T3253357067,Reconciled
67286411,OLD SCHOOL,P,O,MANUSCRIPT,0.00,00686021835,"NA      ",05/04/2024,WORKS REGISTRATION,T3253356439,Reconciled
67286411,OLD SCHOOL,W," ",BRAY LEIGH,100.00,01017500116,"BMI     ",05/04/2024,WORKS REGISTRATION,T3253356439,Reconciled
67286411,OLD SCHOOL,W," ",SHAHEEN SIMON MICHAEL MR,100.00,01161004906,"BMI     ",05/04/2024,WORKS REGISTRATION,T3253356439,Reconciled
67286426,BASS SLAP,P,O,MANUSCRIPT,0.00,00686021835,"NA      ",05/04/2024,WORKS REGISTRATION,T3253356462,Reconciled
67286426,BASS SLAP,W," ",THORNTON BROCK ALEXANDER,100.00,00783592596,"BMI     ",05/04/2024,WORKS REGISTRATION,T3253356462,Reconciled
67286426,BASS SLAP,W," ",BRAY LEIGH,100.00,01017500116,"BMI     ",05/04/2024,WORKS REGISTRATION,T3253356462,Reconciled
69422172,BLUNTS ON EM,W," ",BRAY LEIGH,100.00,01017500116,"BMI     ",09/06/2024,WORKS REGISTRATION,T3276045564,Reconciled
69422172,BLUNTS ON EM,P,O,SONGTRUST BLVD,100.00,00615755145,"BMI     ",09/06/2024,WORKS REGISTRATION,T3276045564,Reconciled
69422970,SPACESHIP,W," ",BRAY LEIGH,100.00,01017500116,"BMI     ",09/06/2024,WORKS REGISTRATION,T3276044301,Pending Society Review
69422970,SPACESHIP,P,O,SONGTRUST BLVD,100.00,00615755145,"BMI     ",09/06/2024,WORKS REGISTRATION,T3276044301,Pending Society Review
69424883,5 0,W," ",BRAY LEIGH,100.00,01017500116,"BMI     ",09/06/2024,WORKS REGISTRATION,T3276134175,Reconciled
69424883,5 0,P,O,SONGTRUST BLVD,100.00,00615755145,"BMI     ",09/06/2024,WORKS REGISTRATION,T3276134175,Reconciled
