Label Name,Catalog #,UPC,Release Name,Release Version,Release Artist,Release Date,Release Genre,Release Subgenre,Track,ISRC,Song Name,Mix Version,Primary Artists,Featuring Artists,Remixers,Track Length,Song Genre,Song Subgenre,,pandora,BMI,Songtrust,Soundexchhange
DirtySnatcha Records,DSR133,198342485866,Whoa,,KirbyBright,5/3/2024,Dance,Dubstep,1,GBWUL2431903,Whoa,,"KirbyBright,Devious",,,2:27,Dance,Dubstep,,,,,
DirtySnatcha Records,DSR0104,197999143198,Keep Moving,Audigy Remix,DirtySnatcha,10/6/2023,Dance,Dubstep,1,QZWV32320452,Keep Moving,Audigy Remix,DirtySnatcha,,Audigy,3:31,Dance,Dubstep,,4/3/2024,,,
DirtySnatcha Records,DSR131,198342356135,WTF,,BBX,4/12/2024,Electronic,Dubstep,1,GBRKQ2471312,WTF,,"BBX,Sloth",,,3:12,Electronic,Dubstep,,,,,
DirtySnatcha Records,DSR130,198342361740,No Traces,,Trenches,4/5/2024,Electronic,Dubstep,1,GBRKQ2472806,No Traces,,"Trenches,Virg™",,,3:12,Electronic,Dubstep,,,,,
DirtySnatcha Records,DSR129,198342095089,Clean Slate,,Blue,3/15/2024,Dance,Dubstep,1,USLZJ2430079,Clean Slate,,Blue,JHornz,,2:25,Dance,Dubstep,,,,,
DirtySnatcha Records,DSR125,198342036334,Operator Error,,Big City,3/8/2024,Dance,Dubstep,1,USLZJ2403319,No Problems!,,Big City,Tonzology,,3:24,Dance,Dubstep,,,,,
DirtySnatcha Records,DSR125,198342036334,Operator Error,,Big City,3/8/2024,Dance,Dubstep,2,USLZJ2403314,Weed Spot,,Big City,,,2:08,Dance,Dubstep,,,,,
DirtySnatcha Records,DSR125,198342036334,Operator Error,,Big City,3/8/2024,Dance,Dubstep,3,USLZJ2403323,Rat Patrol,,Big City,Tonzology,,3:08,Dance,Dubstep,,,,,
DirtySnatcha Records,DSR125,198342036334,Operator Error,,Big City,3/8/2024,Dance,Dubstep,4,USLZJ2403328,Operator Error,,Big City,,,3:32,Dance,Dubstep,,,,,
DirtySnatcha Records,DSR128,198342094976,Corneal Abrasion,,Simplifi,3/1/2024,Dance,Dubstep,1,USLZJ2430043,Corneal Abrasion,,"Simplifi,Redder",,,3:02,Dance,Dubstep,,,,,
DirtySnatcha Records,DSR124,198342036310,Rat Patrol,,Big City,2/28/2024,Dance,Dubstep,1,USLZJ2403323,Rat Patrol,,Big City,Tonzology,,3:08,Dance,Dubstep,,,,,
DirtySnatcha Records,DSR124,198342036310,Rat Patrol,,Big City,2/28/2024,Dance,Dubstep,2,USLZJ2403319,No Problems!,,Big City,Tonzology,,3:24,Dance,Dubstep,,,,,
DirtySnatcha Records,DSR124,198342036310,Rat Patrol,,Big City,2/28/2024,Dance,Dubstep,3,USLZJ2403314,Weed Spot,,Big City,,,2:08,Dance,Dubstep,,,,,
DirtySnatcha Records,DSR120,197999919410,The Tundra,,Barooka,2/23/2024,Dance,Dubstep,1,QZ5FN2461919,iDISTORT,,Barooka,,,3:11,Dance,Dubstep,,,,,
DirtySnatcha Records,DSR120,197999919410,The Tundra,,Barooka,2/23/2024,Dance,Dubstep,2,QZ5FN2461916,Pressure,,Barooka,,,3:11,Dance,Dubstep,,,,,
DirtySnatcha Records,DSR120,197999919410,The Tundra,,Barooka,2/23/2024,Dance,Dubstep,3,QZ5FN2445584,Screechboi,,Barooka,,,3:11,Dance,Dubstep,,,,,
DirtySnatcha Records,DSR120,197999919410,The Tundra,,Barooka,2/23/2024,Dance,Dubstep,4,QZ5FN2445564,Icepick,,Barooka,,,3:18,Dance,Dubstep,,,,,
DirtySnatcha Records,DSR123,198342036280,No Problems,,Big City,2/19/2024,Dance,Dubstep,1,USLZJ2403319,No Problems!,,Big City,Tonzology,,3:24,Dance,Dubstep,,,,,
DirtySnatcha Records,DSR123,198342036280,No Problems,,Big City,2/19/2024,Dance,Dubstep,2,USLZJ2403314,Weed Spot,,Big City,,,2:08,Dance,Dubstep,,,,,
DirtySnatcha Records,DSR127,198342042182,Tartarus,,CRiiOZ,2/16/2024,Dance,Dubstep,1,USLZJ2405562,In The Walls,,CRiiOZ,,,2:23,Dance,Dubstep,,,,,
DirtySnatcha Records,DSR127,198342042182,Tartarus,,CRiiOZ,2/16/2024,Dance,Dubstep,2,USLZJ2405588,Watch Out,,CRiiOZ,,,2:59,Dance,Dubstep,,,,,
DirtySnatcha Records,DSR127,198342042182,Tartarus,,CRiiOZ,2/16/2024,Dance,Dubstep,3,USLZJ2405590,Psycho,,"CRiiOZ,DSTRTN",,,2:01,Dance,Dubstep,,,,,
DirtySnatcha Records,DSR127,198342042182,Tartarus,,CRiiOZ,2/16/2024,Dance,Dubstep,4,USLZJ2405591,Trust,,CRiiOZ,,,2:54,Dance,Dubstep,,,,,
DirtySnatcha Records,DSR127,198342042182,Tartarus,,CRiiOZ,2/16/2024,Dance,Dubstep,5,USLZJ2405592,Let Go,,CRiiOZ,,,2:37,Dance,Dubstep,,,,,
DirtySnatcha Records,DSR119,197999919403,Pressure,,Barooka,2/14/2024,Dance,Dubstep,1,QZ5FN2461916,Pressure,,Barooka,,,3:11,Dance,Dubstep,,,,,
DirtySnatcha Records,DSR119,197999919403,Pressure,,Barooka,2/14/2024,Dance,Dubstep,2,QZ5FN2445584,Screechboi,,Barooka,,,3:11,Dance,Dubstep,,,,,
DirtySnatcha Records,DSR119,197999919403,Pressure,,Barooka,2/14/2024,Dance,Dubstep,3,QZ5FN2445564,Icepick,,Barooka,,,3:18,Dance,Dubstep,,,,,
DirtySnatcha Records,DSR126,198342042069,In The Walls,,CRiiOZ,2/12/2024,Dance,Dubstep,1,USLZJ2405562,In The Walls,,CRiiOZ,,,2:23,Dance,Dubstep,,,,,
DirtySnatcha Records,DSR122,198342036228,Weed Spot,,Big City,2/9/2024,Dance,Dubstep,1,USLZJ2403314,Weed Spot,,Big City,,,2:08,Dance,Dubstep,,,,,
DirtySnatcha Records,DSR118,197999919328,Screechboi,,Barooka,2/5/2024,Dance,Dubstep,1,QZ5FN2445584,Screechboi,,Barooka,,,3:11,Dance,Dubstep,,,,,
DirtySnatcha Records,DSR118,197999919328,Screechboi,,Barooka,2/5/2024,Dance,Dubstep,2,QZ5FN2445564,Icepick,,Barooka,,,3:18,Dance,Dubstep,,,,,
DirtySnatcha Records,DSR121,197999919441,Round 2,,Nekz,2/2/2024,Dance,Dubstep,1,QZ5FN2445592,Round 2,,"Nekz,Meechie Murda",,,2:42,Dance,Dubstep,,,,,
DirtySnatcha Records,DSR117,197999892782,Icepick,,Barooka,1/26/2024,Dance,Dubstep,1,QZ5FN2445564,Icepick,,Barooka,,,3:18,Dance,Dubstep,,,,,
DirtySnatcha Records,DSR116,197999855442,Game,,Sloth,1/12/2024,Dance,Dubstep,1,QZ5FN2416543,Game,,"Sloth,CHACKK",,,3:22,Dance,Dubstep,,,,,
DirtySnatcha Records,DSR115,197999687128,SLACKA,,Geeku,12/15/2023,Dance,Dubstep,1,QZZEB2351140,SLACKA,,Geeku,,,3:31,Dance,Dubstep,,,,,
DirtySnatcha Records,DSR114,197999611932,Maniac,,Sinatra,12/8/2023,Dance,Dubstep,1,QZZEB2305800,Maniac,,Sinatra,,,4:23,Dance,Dubstep,,,,,
DirtySnatcha Records,DSR113,197999477019,Hypnotize,,In Orbit Dubz,12/1/2023,Dance,Dubstep,1,QZZ8B2327916,Hypnotize,,In Orbit Dubz,,,3:39,Dance,Dubstep,,,,,
DirtySnatcha Records,DSR112,197999456380,Killas,,Bandido,11/24/2023,Dance,Dubstep,1,QZZ8B2315613,Killas,,"Bandido,TMBRWLF",,,2:27,Dance,Dubstep,,,,,
DirtySnatcha Records,DSR111,197999449672,FLATLINE,,GOMPERZ,11/21/2023,Dance,Dubstep,1,QZZ8B2311175,FLATLINE,,GOMPERZ,,,3:40,Dance,Dubstep,,,,,
DirtySnatcha Records,DSR0110,197999205919,Upsurge,,Morva,11/17/2023,Dance,Dubstep,1,QZWDE2358069,Solemn,,"Morva,J.A.D.P,Darkmagic",,,4:19,Dance,Dubstep,,,,,
DirtySnatcha Records,DSR0110,197999205919,Upsurge,,Morva,11/17/2023,Dance,Dubstep,2,QZWV32351830,Feel Like,,"Morva,J.A.D.P",,,2:54,Dance,Dubstep,,,,,
DirtySnatcha Records,DSR0110,197999205919,Upsurge,,Morva,11/17/2023,Dance,Dubstep,3,QZWV32351843,Galaxy,,"Morva,J.A.D.P",,,4:34,Dance,Dubstep,,,,,
DirtySnatcha Records,DSR0110,197999205919,Upsurge,,Morva,11/17/2023,Dance,Dubstep,4,QZWV32351851,Secrets,,"Morva,J.A.D.P",,,3:37,Dance,Dubstep,,,,,
DirtySnatcha Records,DSR0110,197999205919,Upsurge,,Morva,11/17/2023,Dance,Dubstep,5,QZWV32351872,Waiting For,,"Morva,J.A.D.P,Nightfrost",,,5:32,Dance,Dubstep,,,,,
DirtySnatcha Records,DSR0110,197999205919,Upsurge,,Morva,11/17/2023,Dance,Dubstep,6,QZWV32351912,Reborn,,"Morva,J.A.D.P",,,3:24,Dance,Dubstep,,,,,
DirtySnatcha Records,DSR0109,197999197115,Reborn,,Morva,11/10/2023,Dance,Dubstep,1,QZWV32351912,Reborn,,"Morva,J.A.D.P",,,3:24,Dance,Dubstep,,,,,
DirtySnatcha Records,DSR0108,197999196996,Waiting For,,Morva,11/3/2023,Dance,Dubstep,1,QZWV32351872,Waiting For,,"Morva,J.A.D.P,Nightfrost",,,5:32,Dance,Dubstep,,,,,
DirtySnatcha Records,DSR0107,197999196842,Secrets,,Morva,10/27/2023,Dance,Dubstep,1,QZWV32351851,Secrets,,"Morva,J.A.D.P",,,3:37,Dance,Dubstep,,,,,
DirtySnatcha Records,DSR0106,197999196798,Galaxy,,Morva,10/20/2023,Dance,Dubstep,1,QZWV32351843,Galaxy,,"Morva,J.A.D.P",,,4:34,Dance,Dubstep,,,,,
DirtySnatcha Records,DSR0105,197999196743,Feel Like,,Morva,10/13/2023,Dance,Dubstep,1,QZWV32351830,Feel Like,,"Morva,J.A.D.P",,,2:54,Dance,Dubstep,,,,,
DirtySnatcha,DS0017,197368871578,Spacecraft,,DirtySnatcha,4/28/2023,Dance,Dubstep,1,GBRKQ2382127,Spacecraft,,DirtySnatcha,,,3:18,Dance,Dubstep,,4/3/2024,4/3/2024,,
DirtySnatcha Records,DSR0102,197999026187,WDGAF,,CRiiOZ,9/26/2023,Dance,Dubstep,1,QZWDE2357423,WDGAF,,CRiiOZ,,,2:14,Dance,Dubstep,,,,,
DirtySnatcha Records,DSR0103,197999027245,Solemn,,Morva,9/22/2023,Dance,Dubstep,1,QZWDE2358069,Solemn,,"Morva,J.A.D.P,Darkmagic",,,4:19,Dance,Dubstep,,,,,
DirtySnatchaRecords,DSR0096,197773552406,Black & Gold,,BBX,9/15/2023,Dance,Dubstep,1,QZTV32366095,Eight Six,,BBX,,,4:09,Dance,Dubstep,,,,,
DirtySnatchaRecords,DSR0096,197773552406,Black & Gold,,BBX,9/15/2023,Dance,Dubstep,2,QZTV32366677,Black & Gold,,BBX,,,3:58,Dance,Dubstep,,,,,
DirtySnatchaRecords,DSR0096,197773552406,Black & Gold,,BBX,9/15/2023,Dance,Dubstep,3,QZTV32366682,Shook,,BBX,,,2:57,Dance,Dubstep,,,,,
DirtySnatchaRecords,DSR0096,197773552406,Black & Gold,,BBX,9/15/2023,Dance,Dubstep,4,QZTV32366684,Crushed Glass,,BBX,,,3:06,Dance,Dubstep,,,,,
DirtySnatcha Records,DSR0096A,198342479889,Black & Gold,,BBX,9/15/2023,Dance,Dubstep,1,QZTV32366095,Eight Six,,BBX,,,4:09,Dance,Dubstep,,,,,
DirtySnatcha Records,DSR0096A,198342479889,Black & Gold,,BBX,9/15/2023,Dance,Dubstep,2,QZTV32366677,Black & Gold,,BBX,,,3:58,Dance,Dubstep,,,,,
DirtySnatcha Records,DSR0096A,198342479889,Black & Gold,,BBX,9/15/2023,Dance,Dubstep,3,QZTV32366682,Shook,,BBX,,,2:57,Dance,Dubstep,,,,,
DirtySnatcha Records,DSR0096A,198342479889,Black & Gold,,BBX,9/15/2023,Dance,Dubstep,4,QZTV32366684,Crushed Glass,,BBX,,,3:06,Dance,Dubstep,,,,,
DirtySnatchaRecords,DSR0101,197773758563,Spectre Season,,Artifact,9/12/2023,Dance,Dubstep,1,QZWDD2336449,Spectre Season,,Artifact,,,3:44,Dance,Dubstep,,,,,
DirtySnatcha Records,DSR0101A,198342479643,Spectre Season,,Artifact,9/12/2023,Dance,Dubstep,1,QZWDD2336449,Spectre Season,,Artifact,,,3:44,Dance,Dubstep,,,,,
DirtySnatchaRecords,DSR0095,197773552369,Crushed Glass,,BBX,9/8/2023,Dance,Dubstep,1,QZTV32366684,Crushed Glass,,BBX,,,3:06,Dance,Dubstep,,,,,
DirtySnatcha Records,DSR0095A,198342479902,Crushed Glass,,BBX,9/8/2023,Dance,Dubstep,1,QZTV32366684,Crushed Glass,,BBX,,,3:06,Dance,Dubstep,,,,,
DirtySnatchaRecords,DSR0094,197773552345,Shook,,BBX,9/1/2023,Dance,Dubstep,1,QZTV32366682,Shook,,BBX,,,2:57,Dance,Dubstep,,,,,
DirtySnatcha Records,DSR0094A,198342479957,Shook,,BBX,9/1/2023,Dance,Dubstep,1,QZTV32366682,Shook,,BBX,,,2:57,Dance,Dubstep,,,,,
DirtySnatchaRecords,DSR0093,197773552321,Black & Gold,,BBX,8/25/2023,Dance,Dubstep,1,QZTV32366677,Black & Gold,,BBX,,,3:58,Dance,Dubstep,,,,,
DirtySnatcha Records,DSR0093A,198342479988,Black & Gold,,BBX,8/25/2023,Dance,Dubstep,1,QZTV32366677,Black & Gold,,BBX,,,3:58,Dance,Dubstep,,,,,
DirtySnatchaRecords,DSR0092,197773550549,Eight Six,,BBX,8/18/2023,Dance,Dubstep,1,QZTV32366095,Eight Six,,BBX,,,4:09,Dance,Dubstep,,,,,
DirtySnatcha Records,DSR0092A,198342480014,Eight Six,,BBX,8/18/2023,Dance,Dubstep,1,QZTV32366095,Eight Six,,BBX,,,4:09,Dance,Dubstep,,,,,
DirtySnatchaRecords,DSR0100,197773569565,Movin,,Rest N Piecez,8/11/2023,Dance,Dubstep,1,QZTV32374100,Movin,,Rest N Piecez,,,3:15,Dance,Dubstep,,,,,
DirtySnatcha Records,DSR0100A,198342479698,Movin,,Rest N Piecez,8/11/2023,Dance,Dubstep,1,QZTV32374100,Movin,,Rest N Piecez,,,3:15,Dance,Dubstep,,,,,
DirtySnatchaRecords,DSR0099,197773567325,Back Seat,,ZURGLIN,8/4/2023,Dance,Dubstep,1,QZTV32373987,Back Seat,,ZURGLIN,,,3:10,Dance,Dubstep,,,,,
DirtySnatcha Records,DSR0099A,198342479735,Back Seat,,ZURGLIN,8/4/2023,Dance,Dubstep,1,QZTV32373987,Back Seat,,ZURGLIN,,,3:10,Dance,Dubstep,,,,,
DirtySnatchaRecords,DSR0097,197773552864,Flashback,,Rest N Piecez,8/1/2023,Dance,Dubstep,1,QZTV32366742,Flashback,,Rest N Piecez,,,2:55,Dance,Dubstep,,,,,
DirtySnatcha Records,DSR0097A,198342479797,Flashback,,Rest N Piecez,8/1/2023,Dance,Dubstep,1,QZTV32366742,Flashback,,Rest N Piecez,,,2:55,Dance,Dubstep,,,,,
DirtySnatchaRecords,DSR0098,197773554493,High On Life,,Autokorekt,7/28/2023,Dance,Dubstep,1,QZTV32368009,High On Life,,Autokorekt,Ashclappem,,2:43,Dance,Dubstep,,,,,
DirtySnatcha Records,DSR0098A,198342479759,High On Life,,Autokorekt,7/28/2023,Dance,Dubstep,1,QZTV32368009,High On Life,,Autokorekt,Ashclappem,,2:43,Dance,Dubstep,,,,,
DirtySnatchaRecords,DSR0091,197773055792,FTI,,BBX,5/26/2023,Dance,Dubstep,1,GBWUL2349330,FTI,,"BBX,Meechie Murda,Geeku",,,4:11,Dance,Dubstep,,,,,
DirtySnatcha Records,DSR0091A,198342480038,FTI,,BBX,5/26/2023,Dance,Dubstep,1,GBWUL2349330,FTI,,"BBX,Meechie Murda,Geeku",,,4:11,Dance,Dubstep,,,,,
DirtySnatchaRecords,DSR0090,197773019510,Drop,,Ennaut,5/19/2023,Dance,Dubstep,1,GBWUL2335001,Drop,,Ennaut,,,3:24,Dance,Dubstep,,,,,
DirtySnatcha Records,DSR0090A,198342480076,Drop,,Ennaut,5/19/2023,Dance,Dubstep,1,GBWUL2335001,Drop,,Ennaut,,,3:24,Dance,Dubstep,,,,,
DirtySnatcha,DS0016,197368694979,K.O.,,DirtySnatcha,4/7/2023,Dance,Dubstep,1,GBRKQ2322533,K.O.,,DirtySnatcha,,,3:18,Dance,Dubstep,,,4/3/2024,,
DirtySnatchaRecords,DSR0083,197077787924,Keep Moving,"Aelius, Voyager, Wilco Beats Remix",DirtySnatcha,12/2/2022,Dance,Dubstep,1,QZWDD2263373,Keep Moving,"Aelius, Voyager, Wilco Beats Remix",DirtySnatcha,,"Aelius,Voyager,Wilco Beats",3:42,Dance,Dubstep,,,,,
DirtySnatchaRecords,DSR0089,197368561189,FVCK,,Hurting Murphy,3/31/2023,Dance,Dubstep,1,USLZJ2376873,FVCK,,Hurting Murphy,,,3:12,Dance,Dubstep,,,,,
DirtySnatcha Records,DSR0089A,198342492000,FVCK,,Hurting Murphy,3/31/2023,Dance,Dubstep,1,USLZJ2376873,FVCK,,Hurting Murphy,,,3:12,Dance,Dubstep,,,,,
DirtySnatchaRecords,DSR0087,197368385167,Stepbro,,SkInZ,3/24/2023,Dance,Dubstep,1,USLZJ2310807,Stepbro,,SkInZ,Chase The Dream,,3:44,Dance,Dubstep,,,,,
DirtySnatcha Records,DSR0087A,198342492253,Stepbro,,SkInZ,3/24/2023,Dance,Dubstep,1,USLZJ2310807,Stepbro,,SkInZ,Chase The Dream,,3:44,Dance,Dubstep,,,,,
DirtySnatchaRecords,DSR0088,197368408613,Wompem,,ZURGLIN,3/3/2023,Dance,Dubstep,1,USLZJ2318255,Wompem,,ZURGLIN,,,4:06,Dance,Dubstep,,,,,
DirtySnatcha Records,DSR0088A,198342492161,Wompem,,ZURGLIN,3/3/2023,Dance,Dubstep,1,USLZJ2318255,Wompem,,ZURGLIN,,,4:06,Dance,Dubstep,,,,,
DirtySnatchaRecords,DSR0086,197368072463,Take A Trip,DirtySnatcha Remix,HEXED,1/20/2023,Dance,Dubstep,1,QZ5FN2303924,Take A Trip,DirtySnatcha Remix,"HEXED,Labs",,,4:03,Dance,Dubstep,,,,,
DirtySnatcha Records,DSR0086A,198342492369,Take A Trip,DirtySnatcha Remix,HEXED,1/20/2023,Dance,Dubstep,1,QZ5FN2303924,Take A Trip,DirtySnatcha Remix,"HEXED,Labs",,DirtySnatcha,4:03,Dance,Dubstep,,,,,
DirtySnatchaRecords,DSR0085,197368072364,Bad Vibes,,Brakkit,1/6/2023,Dance,Dubstep,1,QZ5FN2303913,Bad Vibes,,"Brakkit,Dassim",,,4:10,Dance,Dubstep,,,,,
DirtySnatcha Records,DSR0085A,198342497777,Bad Vibes,,Brakkit,1/6/2023,Dance,Dubstep,1,QZ5FN2303913,Bad Vibes,,"Brakkit,Dassim",,,4:10,Dance,Dubstep,,,,,
DirtySnatchaRecords,DSR0084,197077899184,FLU,,PROTOCOL,12/9/2022,Dance,Dubstep,1,QZWDD2296532,FLU,,PROTOCOL,,,3:12,Dance,Dubstep,,,,,
DirtySnatcha Records,DSR0084A,198342498040,FLU,,PROTOCOL,12/9/2022,Dance,Dubstep,1,QZWDD2296532,FLU,,PROTOCOL,,,3:12,Dance,Dubstep,,,,,
DirtySnatcha Records,DSR0083A,198342499863,Keep Moving,"Aelius, Voyager, Wilco Beats Remix",DirtySnatcha,12/2/2022,Dance,Dubstep,1,QZWDD2263373,Keep Moving,"Aelius, Voyager, Wilco Beats Remix",DirtySnatcha,,"Aelius,Voyager,Wilco Beats",3:42,Dance,Dubstep,,,,,
DirtySnatcha,DS0014,195729728417,Lover,Urbanstep Remix,DirtySnatcha,5/27/2022,Dance,Dubstep,1,USLZJ2286477,Lover,Urbanstep Remix,DirtySnatcha,,Urbanstep,2:01,Dance,Dubstep,,,,,
DirtySnatchaRecords,DSR0081,197077780338,The Back Rooms EP,,In Orbit Dubz,11/25/2022,Dance,Dubstep,1,QZWDD2257316,Back Rooms,,In Orbit Dubz,,,3:05,Dance,Dubstep,,,,,
DirtySnatchaRecords,DSR0081,197077780338,The Back Rooms EP,,In Orbit Dubz,11/25/2022,Dance,Dubstep,2,QZWDD2257318,Fuck It Up,,In Orbit Dubz,,,2:59,Dance,Dubstep,,,,,
DirtySnatchaRecords,DSR0081,197077780338,The Back Rooms EP,,In Orbit Dubz,11/25/2022,Dance,Dubstep,3,QZWDD2257331,Destroy,,"In Orbit Dubz,DSTRTN",,,3:18,Dance,Dubstep,,,,,
DirtySnatchaRecords,DSR0081,197077780338,The Back Rooms EP,,In Orbit Dubz,11/25/2022,Dance,Dubstep,4,QZWDD2257336,Nightmare,,In Orbit Dubz,,,1:45,Dance,Dubstep,,,,,
DirtySnatcha Records,DSR0081A,198342501023,The Back Rooms EP,,In Orbit Dubz,11/25/2022,Dance,Dubstep,1,QZWDD2257316,Back Rooms,,In Orbit Dubz,,,3:05,Dance,Dubstep,,,,,
DirtySnatcha Records,DSR0081A,198342501023,The Back Rooms EP,,In Orbit Dubz,11/25/2022,Dance,Dubstep,2,QZWDD2257318,Fuck It Up,,In Orbit Dubz,,,2:59,Dance,Dubstep,,,,,
DirtySnatcha Records,DSR0081A,198342501023,The Back Rooms EP,,In Orbit Dubz,11/25/2022,Dance,Dubstep,3,QZWDD2257331,Destroy,,"In Orbit Dubz,DSTRTN",,,3:18,Dance,Dubstep,,,,,
DirtySnatcha Records,DSR0081A,198342501023,The Back Rooms EP,,In Orbit Dubz,11/25/2022,Dance,Dubstep,4,QZWDD2257336,Nightmare,,In Orbit Dubz,,,1:45,Dance,Dubstep,,,,,
DirtySnatchaRecords,DSR0080,197077772579,Nightmare,,In Orbit Dubz,11/24/2022,Dance,Dubstep,1,QZWDD2257336,Nightmare,,In Orbit Dubz,,,1:45,Dance,Dubstep,,,,,
DirtySnatcha Records,DSR0080A,198342501320,Nightmare,,In Orbit Dubz,11/24/2022,Dance,Dubstep,1,QZWDD2257336,Nightmare,,In Orbit Dubz,,,1:45,Dance,Dubstep,,,,,
DirtySnatchaRecords,DSR0079,197077772555,Destroy,,In Orbit Dubz,11/23/2022,Dance,Dubstep,1,QZWDD2257331,Destroy,,"In Orbit Dubz,DSTRTN",,,3:18,Dance,Dubstep,,,,,
DirtySnatcha Records,DSR0079A,198342501504,Destroy,,In Orbit Dubz,11/23/2022,Dance,Dubstep,1,QZWDD2257331,Destroy,,"In Orbit Dubz,DSTRTN",,,3:18,Dance,Dubstep,,,,,
DirtySnatchaRecords,DSR0078,197077772524,Fuck It Up,,In Orbit Dubz,11/22/2022,Dance,Dubstep,1,QZWDD2257318,Fuck It Up,,In Orbit Dubz,,,2:59,Dance,Dubstep,,,,,
DirtySnatcha Records,DSR0078A,198342501825,Fuck It Up,,In Orbit Dubz,11/22/2022,Dance,Dubstep,1,QZWDD2257318,Fuck It Up,,In Orbit Dubz,,,2:59,Dance,Dubstep,,,,,
DirtySnatchaRecords,DSR0077,197077772494,Back Rooms,,In Orbit Dubz,11/21/2022,Dance,Dubstep,1,QZWDD2257316,Back Rooms,,In Orbit Dubz,,,3:05,Dance,Dubstep,,,,,
DirtySnatcha Records,DSR0077A,198342498644,Back Rooms,,In Orbit Dubz,11/21/2022,Dance,Dubstep,1,QZWDD2257316,Back Rooms,,In Orbit Dubz,,,3:05,Dance,Dubstep,,,,,
DirtySnatcha,DS0012,195729251588,Keep Moving,,DirtySnatcha,1/7/2022,Dance,Dubstep,1,QZTRX2132962,Keep Moving,,DirtySnatcha,,,3:12,Dance,Dubstep,,,4/3/2024,,
DirtySnatcha,DS0011,193872637501,Tonight,,DirtySnatcha,6/28/2021,Dance,Dubstep,1,GBRKQ2121249,Tonight,,DirtySnatcha,,,2:58,Dance,Dubstep,,,4/3/2024,,
DirtySnatchaRecords,DSR0076,197077726831,Assertion,,Aalioura,11/11/2022,Dance,Dubstep,1,QZWDD2238845,Assertion,,Aalioura,,,4:25,Dance,Dubstep,,,,,
DirtySnatcha Records,DSR0076A,198342502129,Assertion,,Aalioura,11/11/2022,Dance,Dubstep,1,QZWDD2238845,Assertion,,Aalioura,,,4:25,Dance,Dubstep,,,,,
DirtySnatchaRecords,DSR0075,197077452587,MAYKYU,,BANXY,9/30/2022,Dance,Dubstep,1,QZTRX2279102,MAYKYU,,"BANXY,SHOCKZ",,,4:27,Dance,Dubstep,,,,,
DirtySnatcha Records,DSR0075A,198342502624,MAYKYU,,BANXY,9/30/2022,Dance,Dubstep,1,QZTRX2279102,MAYKYU,,"BANXY,SHOCKZ",,,4:27,Dance,Dubstep,,,,,
DirtySnatchaRecords,DSR0074,197077376777,Fog Horn,,DENNETT,9/9/2022,Dance,Dubstep,1,QZTRX2237730,FOG HORN,,DENNETT,,,2:10,Dance,Dubstep,,,,,
DirtySnatcha Records,DSR0074A,198342502969,Fog Horn,,DENNETT,9/9/2022,Dance,Dubstep,1,QZTRX2237730,Fog Horn,,DENNETT,,,2:10,Dance,Dubstep,,,,,
DirtySnatchaRecords,DSR0073,197077340044,Suffer,,Phobos & Deimos,9/2/2022,Dance,Dubstep,1,QZTRX2218697,Suffer,,Phobos & Deimos,,,2:55,Dance,Dubstep,,,,,
DirtySnatcha Records,DSR0073A,198342503287,Suffer,,Phobos & Deimos,9/2/2022,Dance,Dubstep,1,QZTRX2218697,Suffer,,Phobos & Deimos,,,2:55,Dance,Dubstep,,,,,
DirtySnatchaRecords,DSR0072,197077213362,Spicy Tune,,Scafetta,8/19/2022,Dance,Dubstep,1,GBWUL2257078,Spicy Tune,,"Scafetta,Monsters Everywhere",,,2:31,Dance,Dubstep,,,,,
DirtySnatcha Records,DSR0072A,198342503508,Spicy Tune,,Scafetta,8/19/2022,Dance,Dubstep,1,GBWUL2257078,Spicy Tune,,"Scafetta,Monsters Everywhere",,,2:31,Dance,Dubstep,,,,,
DirtySnatchaRecords,DSR0063,195729782938,Apparition,,CVLVALRI,8/12/2022,Dance,Dubstep,1,GBRKQ2204805,Apparition,,CVLVALRI,,,2:37,Dance,Dubstep,,,,,
DirtySnatcha Records,DSR0063A,198342507926,Apparition,,CVLVALRI,8/12/2022,Dance,Dubstep,1,GBRKQ2204805,Apparition,,CVLVALRI,,,2:37,Dance,Dubstep,,,,,
DirtySnatchaRecords,DSR0071,197077167375,Most Dangerous,,Meechie Murda,8/5/2022,Dance,Dubstep,1,GBWUL2241457,Most Dangerous,,"Meechie Murda,Geeku,Sinister Bass",,,3:01,Dance,Dubstep,,,,,
DirtySnatcha Records,DSR0071A,198342503812,Most Dangerous,,Meechie Murda,8/5/2022,Dance,Dubstep,1,GBWUL2241457,Most Dangerous,,"Meechie Murda,Geeku,Sinister Bass",,,3:01,Dance,Dubstep,,,,,
DirtySnatcha,DS0010,192650590793,"Snatched, Vol. 2",,DirtySnatcha,4/16/2021,Dance,Dubstep,1,USLZJ2122495,Alien Shit,,DirtySnatcha,"Chase, the Dream",,2:45,Dance,Dubstep,,,,,
DirtySnatchaRecords,DSR0060,195729780699,Liquidator,,Sinister Bass,7/8/2022,Dance,Dubstep,1,GBRKQ2204555,Liquidator,,Sinister Bass,,,2:45,Dance,Dubstep,,,,,
DirtySnatcha Records,DSR0060A,198342507896,Liquidator,,Sinister Bass,7/8/2022,Dance,Dubstep,1,GBRKQ2204555,Liquidator,,Sinister Bass,,,2:45,Dance,Dubstep,,,,,
DirtySnatchaRecords,DSR0070,195729980198,Ground N' Pound,,Akronym,7/6/2022,Dance,Dubstep,1,GBRKQ2274076,Ground N' Pound,,"Akronym,FIGMVNT",,,3:24,Dance,Dubstep,,,,,
DirtySnatcha Records,DSR0070A,198342504093,Ground N' Pound,,Akronym,7/6/2022,Dance,Dubstep,1,GBRKQ2274076,Ground N' Pound,,"Akronym,FIGMVNT",,,3:24,Dance,Dubstep,,,,,
DirtySnatchaRecords,DSR0062,195729781559,Riddim Whistle,,DENNETT,7/4/2022,Dance,Dubstep,1,GBRKQ2204623,Riddim Whistle,,DENNETT,,,2:19,Dance,Dubstep,,,,,
DirtySnatcha Records,DSR0062A,198342507902,Riddim Whistle,,DENNETT,7/4/2022,Dance,Dubstep,1,GBRKQ2204623,Riddim Whistle,,DENNETT,,,2:19,Dance,Dubstep,,,,,
DirtySnatchaRecords,DSR0064,195729801646,Riptide,,David Vance,7/1/2022,Dance,Dubstep,1,GBRKQ2211179,Riptide,,"David Vance,Blue",,,3:18,Dance,Dubstep,,,,,
DirtySnatcha Records,DSR0064A,198342508046,Riptide,,David Vance,7/1/2022,Dance,Dubstep,1,GBRKQ2211179,Riptide,,"David Vance,Blue",,,3:18,Dance,Dubstep,,,,,
DirtySnatchaRecords,DSR0067,195729903654,Half Life,,Twisted,6/20/2022,Dance,Dubstep,1,GBRKQ2245644,Half Life,,"Twisted,Chutez & Ladderz,R3mark",,,2:48,Dance,Dubstep,,,,,
DirtySnatcha Records,DSR0067A,198342508084,Half Life,,Twisted,6/20/2022,Dance,Dubstep,1,GBRKQ2245644,Half Life,,"Twisted,Chutez & Ladderz,R3mark",,,2:48,Dance,Dubstep,,,,,
DirtySnatchaRecords,DSR0069,195729904170,As I Am,,Cabuizee,6/17/2022,Dance,Dubstep,1,GBRKQ2245754,As I Am,,"Cabuizee,Raddix",,,3:05,Dance,Dubstep,,,,,
DirtySnatcha Records,DSR0069A,198342504413,As I Am,,Cabuizee,6/17/2022,Dance,Dubstep,1,GBRKQ2245754,As I Am,,"Cabuizee,Raddix",,,3:05,Dance,Dubstep,,,,,
DirtySnatchaRecords,DSR0068,195729903975,SASORI,,BBX,6/15/2022,Dance,Dubstep,1,GBRKQ2245736,SASORI,,"BBX,Geeku",,,3:36,Dance,Dubstep,,,,,
DirtySnatcha Records,DSR0068A,198342504765,SASORI,,BBX,6/15/2022,Dance,Dubstep,1,GBRKQ2245736,SASORI,,"BBX,Geeku",,,3:36,Dance,Dubstep,,,,,
DirtySnatchaRecords,DSR0066,195729903517,Fate,,Twisted,6/13/2022,Dance,Dubstep,1,GBRKQ2245602,Fate,,"Twisted,Chutez & Ladderz,R3mark",,,3:06,Dance,Dubstep,,,,,
DirtySnatcha Records,DSR0066A,198342508060,Fate,,Twisted,6/13/2022,Dance,Dubstep,1,GBRKQ2245602,Fate,,"Twisted,Chutez & Ladderz,R3mark",,,3:06,Dance,Dubstep,,,,,
DirtySnatchaRecords,DSR0059,195729780576,Love,,Sinister Bass,6/10/2022,Dance,Dubstep,1,GBRKQ2204541,Love,,Sinister Bass,,,3:03,Dance,Dubstep,,,,,
DirtySnatcha Records,DSR0059A,198342507872,Love,,Sinister Bass,6/10/2022,Dance,Dubstep,1,GBRKQ2204541,Love,,Sinister Bass,,,3:03,Dance,Dubstep,,,,,
DirtySnatchaRecords,DSR0065,195729869653,As I Am,,Cabuizee,6/8/2022,Dance,Dubstep,1,GBRKQ2234993,As I Am,,"Cabuizee,Raddix",,,3:05,Dance,Dubstep,,,,,
DirtySnatchaRecords,DSR0061,195729839663,Torture,,Twisted,6/6/2022,Dance,Dubstep,1,GBRKQ2224624,Torture,,"Twisted,Chutez & Ladderz,R3mark",,,2:59,Dance,Dubstep,,,,,
DirtySnatcha Records,DSR0061A,198342508053,Torture,,Twisted,6/6/2022,Dance,Dubstep,1,GBRKQ2224624,Torture,,"Twisted,Chutez & Ladderz,R3mark",,,2:59,Dance,Dubstep,,,,,
DirtySnatchaRecords,DSR0054,195729756007,Terror,,Ennaut,6/3/2022,Dance,Dubstep,1,USLZJ2296710,Terror,,Ennaut,,,3:51,Dance,Dubstep,,,,,
DirtySnatcha Records,DSR0054A,198342500231,Terror,,Ennaut,6/3/2022,Dance,Dubstep,1,USLZJ2296710,Terror,,Ennaut,,,3:51,Dance,Dubstep,,,,,
DirtySnatchaRecords,DSR0056,195729760332,GO MAD,,DSTRTN,5/31/2022,Dance,Dubstep,1,USLZJ2297741,GO MAD,,"DSTRTN,CRiiOZ",,,3:18,Dance,Dubstep,,,,,
DirtySnatcha Records,DSR0056A,198342500286,GO MAD,,DSTRTN,5/31/2022,Dance,Dubstep,1,USLZJ2297741,GO MAD,,"DSTRTN,CRiiOZ",,,3:18,Dance,Dubstep,,,,,
DirtySnatchaRecords,DSR0053,195729728356,Radioactivity,,In Orbit Dubz,5/27/2022,Dance,Dubstep,1,USLZJ2286474,Radioactivity,,In Orbit Dubz,,,3:37,Dance,Dubstep,,,,,
DirtySnatcha,DS0010,192650590793,"Snatched, Vol. 2",,DirtySnatcha,4/16/2021,Dance,Dubstep,2,USLZJ2122502,Cosmic Sounds,,DirtySnatcha,,,2:36,Dance,Dubstep,,,,,
DirtySnatcha Records,DSR0053A,198342500118,Radioactivity,,In Orbit Dubz,5/27/2022,Dance,Dubstep,1,USLZJ2286474,Radioactivity,,In Orbit Dubz,,,3:37,Dance,Dubstep,,,,,
DirtySnatchaRecords,DSR0055,195729757615,Demons,,Scafetta,5/25/2022,Dance,Dubstep,1,USLZJ2297076,Love Song,,Scafetta,Raddix,,4:28,Dance,Dubstep,,,,,
DirtySnatchaRecords,DSR0058,195729777156,Demons,,Scafetta,5/25/2022,Dance,Dubstep,1,GBRKQ2203029,Demons,,"Scafetta,Raddix",,,4:28,Dance,Dubstep,,,,,
DirtySnatcha Records,DSR0058A,198342507834,Demons,,Scafetta,5/25/2022,Dance,Dubstep,1,GBRKQ2203029,Demons,,"Scafetta,Raddix",,,4:28,Dance,Dubstep,,,,,
DirtySnatchaRecords,DSR0057,195729775633,Scorpion,,Torcha,5/23/2022,Dance,Dubstep,1,GBRKQ2202745,Scorpion,,Torcha,,,3:21,Dance,Dubstep,,,,,
DirtySnatcha Records,DSR0057A,198342501160,Scorpion,,Torcha,5/23/2022,Dance,Dubstep,1,GBRKQ2202745,Scorpion,,Torcha,,,3:21,Dance,Dubstep,,,,,
DirtySnatchaRecords,DSR0052,195729743427,TELEKINESE,,CHACKK,5/20/2022,Dance,Dubstep,1,USLZJ2292920,Telekinese,,"CHACKK,Kamas",,,4:06,Dance,Dubstep,,,,,
DirtySnatcha Records,DSR0052A,198342500170,TELEKINESE,,CHACKK,5/20/2022,Dance,Dubstep,1,USLZJ2292920,Telekinese,,"CHACKK,Kamas",,,4:06,Dance,Dubstep,,,,,
DirtySnatchaRecords,DSR0051,195729402348,Dimension,,In Orbit Dubz,2/21/2022,Dance,Dubstep,1,QZ5FN2266737,Dimension,,"In Orbit Dubz,Nein Lives",,,3:18,Dance,Dubstep,,,,,
DirtySnatcha Records,DSR0051A,198342496138,Dimension,,In Orbit Dubz,2/21/2022,Dance,Dubstep,1,QZ5FN2266737,Dimension,,"In Orbit Dubz,Nein Lives",,,3:18,Dance,Dubstep,,,,,
DirtySnatchaRecords,DSR0050,195729382077,Always Got Me,,Ennaut,2/11/2022,Dance,Dubstep,1,QZ5FN2248162,Always Got Me,,Ennaut,,,3:50,Dance,Dubstep,,,,,
DirtySnatcha Records,DSR0050A,198342494790,Always Got Me,,Ennaut,2/11/2022,Dance,Dubstep,1,QZ5FN2248162,Always Got Me,,Ennaut,,,3:50,Dance,Dubstep,,,,,
DirtySnatchaRecords,DSR0049,195729349230,WESTCOAST,,BBX,2/4/2022,Dance,Dubstep,1,QZ5FN2235968,WESTCOAST,,"BBX,Geeku",,,4:38,Dance,Dubstep,,,,,
DirtySnatcha Records,DSR0049A,198342494684,WESTCOAST,,BBX,2/4/2022,Dance,Dubstep,1,QZ5FN2235968,WESTCOAST,,"BBX,Geeku",,,4:38,Dance,Dubstep,,,,,
DirtySnatcha,DS0010,192650590793,"Snatched, Vol. 2",,DirtySnatcha,4/16/2021,Dance,Dubstep,3,USLZJ2122505,Can You Feel,,DirtySnatcha,,,2:48,Dance,Dubstep,,,,,
DirtySnatchaRecords,DSR0048,195729298842,Big Body,,BOU$HY,1/17/2022,Dance,Dubstep,1,QZ5FN2216262,Big Body,,"BOU$HY,Eazley",,,3:31,Dance,Dubstep,,,,,
DirtySnatcha Records,DSR0048A,198342494042,Big Body,,BOU$HY,1/17/2022,Dance,Dubstep,1,QZ5FN2216262,Big Body,,"BOU$HY,Eazley",,,3:31,Dance,Dubstep,,,,,
DirtySnatcha,DS0010,192650590793,"Snatched, Vol. 2",,DirtySnatcha,4/16/2021,Dance,Dubstep,4,USLZJ2122508,I'm a Savage,,DirtySnatcha,,,3:20,Dance,Dubstep,,,,,
DirtySnatchaRecords,DSR0047,195729138575,Boss,,Entravert,12/15/2021,Dance,Dubstep,1,GBWUL2192869,Boss,,Entravert,,,4:00,Dance,Dubstep,,,,,
DirtySnatcha Records,DSR0047A,198342492949,Boss,,Entravert,12/15/2021,Dance,Dubstep,1,GBWUL2192869,Boss,,Entravert,,,4:00,Dance,Dubstep,,,,,
DirtySnatchaRecords,DSR0046,195729138445,Out Of Service,,Autokorekt,12/6/2021,Dance,Dubstep,1,GBWUL2192863,Out Of Service,,"Autokorekt,ChemDawg",Versace,,3:51,Dance,Dubstep,,,,,
DirtySnatcha Records,DSR0046A,198342492215,Out Of Service,,Autokorekt,12/6/2021,Dance,Dubstep,1,GBWUL2192863,Out Of Service,,"Autokorekt,ChemDawg",Versace,,3:51,Dance,Dubstep,,,,,
DirtySnatchaRecords,DSR0045,195729079045,LIGMA,,BBX,12/1/2021,Dance,Dubstep,1,GBWUL2171015,LIGMA,,"BBX,Jonomatic,Geeku",,,3:45,Dance,Dubstep,,,,,
DirtySnatcha Records,DSR0045A,198342492208,LIGMA,,BBX,12/1/2021,Dance,Dubstep,1,GBWUL2171015,LIGMA,,"BBX,Jonomatic,Geeku",,,3:45,Dance,Dubstep,,,,,
DirtySnatchaRecords,DSR0044,195729046764,Giving Up VIP,,CHRMNDRS,11/2/2021,Dance,Dubstep,1,GBWUL2158623,Giving Up VIP,,"CHRMNDRS,SEEING\\DOUBLE",,,4:56,Dance,Dubstep,,,,,
DirtySnatcha Records,DSR0044A,198342492154,Giving Up VIP,,CHRMNDRS,11/2/2021,Dance,Dubstep,1,GBWUL2158623,Giving Up VIP,,"CHRMNDRS,SEEING\\DOUBLE",,,4:56,Dance,Dubstep,,,,,
DirtySnatchaRecords,DSR0043,195039175994,Radiance,,BOU$HY,9/24/2021,Dance,Dubstep,1,GBWUL2118332,Radiance,,BOU$HY,,,3:25,Dance,Dubstep,,,,,
DirtySnatcha Records,DSR0043A,198342492130,Radiance,,BOU$HY,9/24/2021,Dance,Dubstep,1,GBWUL2118332,Radiance,,BOU$HY,,,3:25,Dance,Dubstep,,,,,
DirtySnatchaRecords,DSR0042,193872973258,Fight Time,,Megahurtz,8/23/2021,Dance,Dubstep,1,GBRKQ2178616,Fight Time,,Megahurtz,,,3:37,Dance,Dubstep,,,,,
DirtySnatcha Records,DSR0042A,198342492123,Fight Time,,Megahurtz,8/23/2021,Dance,Dubstep,1,GBRKQ2178616,Fight Time,,Megahurtz,,,3:37,Dance,Dubstep,,,,,
DirtySnatchaRecords,DSR0041,193872719238,Danger,Remixes,JAYSYX,7/19/2021,Dance,Dubstep,1,GBRKQ2133612,Danger,Adam Annella Remix,"JAYSYX,AG",,Adam Annella,2:17,Dance,Dubstep,,,,,
DirtySnatchaRecords,DSR0041,193872719238,Danger,Remixes,JAYSYX,7/19/2021,Dance,Dubstep,2,GBRKQ2133617,Danger,Kamas Remix,"JAYSYX,AG",,Kamas,3:20,Dance,Dubstep,,,,,
DirtySnatchaRecords,DSR0041,193872719238,Danger,Remixes,JAYSYX,7/19/2021,Dance,Dubstep,3,GBRKQ2133619,Danger,Shoku Remix,"JAYSYX,AG",,Shoku,3:00,Dance,Dubstep,,,,,
DirtySnatchaRecords,DSR0041,193872719238,Danger,Remixes,JAYSYX,7/19/2021,Dance,Dubstep,4,GBRKQ2133620,Danger,Elusion Remix,"JAYSYX,AG",,Elusion,2:46,Dance,Dubstep,,,,,
DirtySnatchaRecords,DSR0041,193872719238,Danger,Remixes,JAYSYX,7/19/2021,Dance,Dubstep,5,GBRKQ2133622,Danger,Kringe Remix,"JAYSYX,AG",,Kringe,3:26,Dance,Dubstep,,,,,
DirtySnatcha Records,DSR0041A,198342496428,Danger,Remixes,JAYSYX,7/19/2021,Dance,Dubstep,1,GBRKQ2133612,Danger,Adam Annella Remix,"JAYSYX,AG",,Adam Annella,2:17,Dance,Dubstep,,,,,
DirtySnatcha Records,DSR0041A,198342496428,Danger,Remixes,JAYSYX,7/19/2021,Dance,Dubstep,2,GBRKQ2133617,Danger,Kamas Remix,"JAYSYX,AG",,Kamas,3:20,Dance,Dubstep,,,,,
DirtySnatcha Records,DSR0041A,198342496428,Danger,Remixes,JAYSYX,7/19/2021,Dance,Dubstep,3,GBRKQ2133619,Danger,Shoku Remix,"JAYSYX,AG",,Shoku,3:00,Dance,Dubstep,,,,,
DirtySnatcha Records,DSR0041A,198342496428,Danger,Remixes,JAYSYX,7/19/2021,Dance,Dubstep,4,GBRKQ2133620,Danger,Elusion Remix,"JAYSYX,AG",,Elusion,2:46,Dance,Dubstep,,,,,
DirtySnatcha Records,DSR0041A,198342496428,Danger,Remixes,JAYSYX,7/19/2021,Dance,Dubstep,5,GBRKQ2133622,Danger,Kringe Remix,"JAYSYX,AG",,Kringe,3:26,Dance,Dubstep,,,,,
DirtySnatchaRecords,DSR0040,193872624969,Red Sky,,Champagne Poppers,6/30/2021,Dance,Dubstep,1,GBRKQ2120796,Red Sky,,Champagne Poppers,,,3:55,Dance,Dubstep,,,,,
DirtySnatcha Records,DSR0040A,198342491591,Red Sky,,Champagne Poppers,6/30/2021,Dance,Dubstep,1,GBRKQ2120796,Red Sky,,Champagne Poppers,,,3:55,Dance,Dubstep,,,,,
DirtySnatcha,DS0010,192650590793,"Snatched, Vol. 2",,DirtySnatcha,4/16/2021,Dance,Dubstep,5,USLZJ2122517,Take Me Up,,DirtySnatcha,,,2:52,Dance,Dubstep,,,,,
DirtySnatchaRecords,DSR0039,193872470351,Loose It,BOU$HY Remix,Eazley,6/21/2021,Dance,Dubstep,1,GBRKQ2109631,Loose It,BOU$HY Remix,"Eazley,Autokorekt",,BOU$HY,2:46,Dance,Dubstep,,,,,
DirtySnatcha Records,DSR0039A,198342491560,Loose It,BOU$HY Remix,Eazley,6/21/2021,Dance,Dubstep,1,GBRKQ2109631,Loose It,BOU$HY Remix,"Eazley,Autokorekt",,BOU$HY,2:46,Dance,Dubstep,,,,,
DirtySnatchaRecords,DSR0038,192650734760,Death Match,,Joogornot,5/6/2021,Dance,Dubstep,1,USLZJ2162863,Death Match,,Joogornot,,,3:13,Dance,Dubstep,,,,,
DirtySnatcha Records,DSR0038A,198342491553,Death Match,,Joogornot,5/6/2021,Dance,Dubstep,1,USLZJ2162863,Death Match,,Joogornot,,,3:13,Dance,Dubstep,,,,,
DirtySnatcha,DS0008,195039666164,Dance With Me,,DirtySnatcha,9/4/2020,Dance,Dubstep,1,QZ5FN2096166,Dance With Me,,DirtySnatcha,,,3:21,Dance,Dubstep,,,,,
DirtySnatcha,DS0007,195039584277,Lover,,DirtySnatcha,7/17/2020,Dance,Dubstep,1,QZ5FN2068874,Lover,,DirtySnatcha,,,2:20,Dance,Dubstep,,,,,
DirtySnatcha,DS0005,195039366972,Head Bang,,DirtySnatcha,4/24/2020,Dance,Dubstep,1,GBWUL2077085,Head Bang,,DirtySnatcha,,,3:02,Dance,Dubstep,,,,,
DirtySnatcha,DS0003,195039240326,It Ain't Over,,DirtySnatcha,3/13/2020,Dance,Dubstep,1,GBWUL2041081,It Ain't Over,,DirtySnatcha,,,3:07,Dance,Dubstep,,,,,
DirtySnatchaRecords,DSR0003,193872807966,Westside Rollin,CHRMNDRS Remix,CHRMNDRS,11/15/2019,Dance,Dubstep,1,GBWUL1920889,Westside Rollin,CHRMNDRS Remix,DirtySnatcha,,CHRMNDRS,2:52,Dance,Dubstep,,,,,
DirtySnatchaRecords,DSR0036,192650433823,The Devil,,Hostyle,2/26/2021,Dance,Dubstep,1,QZ5FN2170385,The Devil,,Hostyle,,,2:49,Dance,Dubstep,,,,,
DirtySnatchaRecords,DSR0037,192650433847,Tiger Kung Fu,,Neon Tiger,2/26/2021,Dance,Dubstep,1,QZ5FN2170480,Tiger Kung Fu,,Neon Tiger,,,2:08,Dance,Dubstep,,,,,
DirtySnatcha Records,DSR0036A,198342491515,The Devil,,Hostyle,2/26/2021,Dance,Dubstep,1,QZ5FN2170385,The Devil,,Hostyle,,,2:49,Dance,Dubstep,,,,,
DirtySnatcha Records,DSR0037A,198342491539,Tiger Kung Fu,,Neon Tiger,2/26/2021,Dance,Dubstep,1,QZ5FN2170480,Tiger Kung Fu,,Neon Tiger,,,2:08,Dance,Dubstep,,,,,
DirtySnatchaRecords,DSR0035,192650236400,Bringing The Bass,,Scafetta,2/12/2021,Dance,Dubstep,1,QZ5FN2153036,Bringing The Bass,,Scafetta,Chase The Dream,,3:27,Dance,Dubstep,,,,,
DirtySnatcha Records,DSR0035A,198342491348,Bringing The Bass,,Scafetta,2/12/2021,Dance,Dubstep,1,QZ5FN2153036,Bringing The Bass,,Scafetta,Chase The Dream,,3:27,Dance,Dubstep,,,,,
DirtySnatcha,DS0001,193872822686,Head Drop,,DirtySnatcha,11/15/2019,Dance,Dubstep,1,GBWUL1922930,Head Drop,,DirtySnatcha,,,3:37,Dance,Dubstep,,,,,
DirtySnatchaRecords,DSR0034,191079926626,Clapped,,SkInZ,1/22/2021,Dance,Dubstep,1,QZ5FN2121223,Clapped,,SkInZ,Emmbers,,3:05,Dance,Dubstep,,,,,
DirtySnatcha Records,DSR0034A,198342491324,Clapped,,SkInZ,1/22/2021,Dance,Dubstep,1,QZ5FN2121223,Clapped,,SkInZ,Emmbers,,3:05,Dance,Dubstep,,,,,
DirtySnatchaRecords,DSR0029,191079012626,Acting Out,,Megahurtz,1/11/2021,Dance,Dubstep,1,USLZJ2069505,Acting Out,,"Megahurtz,Blue",Rico Act,,3:40,Dance,Dubstep,,,,,
DirtySnatcha Records,DSR0029A,198342479070,Acting Out,,Megahurtz,1/11/2021,Dance,Dubstep,1,USLZJ2069505,Acting Out,,"Megahurtz,Blue",Rico Act,,3:40,Dance,Dubstep,,,,,
DirtySnatcha Records,DSR0003A,198342475133,Westside Rollin,CHRMNDRS Remix,DirtySnatcha,11/15/2019,Dance,Dubstep,1,GBWUL1920889,Westside Rollin,CHRMNDRS Remix,DirtySnatcha,,CHRMNDRS,2:52,Dance,Dubstep,,,,,
DirtySnatcha,CAT334435,193872635705,Falling,,DirtySnatcha,9/27/2019,Dance,Dubstep,1,USLZJ1989291,Falling,,DirtySnatcha,,,3:37,Dance,Dubstep,,,,,
DirtySnatchaRecords,DSR0032,191079657186,Power Transient,,Hexadrone,12/28/2020,Dance,Dubstep,1,GBRKQ2053155,Power Transient,,Hexadrone,,,3:21,Dance,Dubstep,,,,,
DirtySnatcha Records,DSR0032A,198342491300,Power Transient,,Hexadrone,12/28/2020,Dance,Dubstep,1,GBRKQ2053155,Power Transient,,Hexadrone,,,3:21,Dance,Dubstep,,,,,
DirtySnatchaRecords,DSR0031,191079592913,Bluntz,,Flatland Funk,12/21/2020,Dance,Dubstep,1,GBRKQ2041356,Bluntz,,Flatland Funk,Blupill,,3:40,Dance,Dubstep,,,,,
DirtySnatcha Records,DSR0031A,198342491294,Bluntz,,Flatland Funk,12/21/2020,Dance,Dubstep,1,GBRKQ2041356,Bluntz,,Flatland Funk,Blupill,,3:40,Dance,Dubstep,,,,,
DirtySnatchaRecords,DSR0030,191079454501,Kinda Sus,,Akronym,12/4/2020,Dance,Dubstep,1,GBRKQ2026555,Kinda Sus,,Akronym,,,4:12,Dance,Dubstep,,,,,
DirtySnatcha Records,DSR0030A,198342479100,Kinda Sus,,Akronym,12/4/2020,Dance,Dubstep,1,GBRKQ2026555,Kinda Sus,,Akronym,,,4:12,Dance,Dubstep,,,,,
DirtySnatchaRecords,DSR0028,191079012466,PTSD,,SHOCKZ,11/20/2020,Dance,Dubstep,1,USLZJ2069504,PTSD,,SHOCKZ,,,2:40,Dance,Dubstep,,,,,
DirtySnatcha Records,DSR0028A,198342479049,PTSD,,SHOCKZ,11/20/2020,Dance,Dubstep,1,USLZJ2069504,PTSD,,SHOCKZ,,,2:40,Dance,Dubstep,,,,,
DirtySnatchaRecords,DSR0027,191079008933,Danger,,JAYSYX,11/1/2020,Dance,Dubstep,1,USLZJ2069438,Danger,,"JAYSYX,AG",,,2:59,Dance,Dubstep,,,,,
DirtySnatcha Records,DSR0027A,198342478998,Danger,,JAYSYX,11/1/2020,Dance,Dubstep,1,USLZJ2069438,Danger,,"JAYSYX,AG",,,2:59,Dance,Dubstep,,,,,
DirtySnatchaRecords,DSR0026,195039882366,Spacecraft,,Whiskers,10/23/2020,Dance,Dubstep,1,USLZJ2046489,Spacecraft,,Whiskers,,,1:56,Dance,Dubstep,,,,,
DirtySnatcha Records,DSR0026A,198342478967,Spacecraft,,Whiskers,10/23/2020,Dance,Dubstep,1,USLZJ2046489,Spacecraft,,Whiskers,,,1:56,Dance,Dubstep,,,,,
DirtySnatchaRecords,DSR0025,195039882359,Hyper Drive,,Contakt,10/16/2020,Dance,Dubstep,1,USLZJ2046457,Hyper Drive,,Contakt,,,3:50,Dance,Dubstep,,,,,
DirtySnatcha Records,DSR0025A,198342478691,Hyper Drive,,Contakt,10/16/2020,Dance,Dubstep,1,USLZJ2046457,Hyper Drive,,Contakt,,,3:50,Dance,Dubstep,,,,,
DirtySnatchaRecords,DSR0024,195039768653,BIG UPS,,RAZR,9/18/2020,Dance,Dubstep,1,USLZJ2023938,BIG UPS,,"RAZR,VASTIVE",,,4:03,Dance,Dubstep,,,,,
DirtySnatcha Records,DSR0024A,198342478684,BIG UPS,,RAZR,9/18/2020,Dance,Dubstep,1,USLZJ2023938,BIG UPS,,"RAZR,VASTIVE",,,4:03,Dance,Dubstep,,,,,
DirtySnatcha,SN001,193872393520,Snatched,,Various Artists,6/14/2019,Dance,Dubstep,1,USLZJ1922758,Shake The Block,,DirtySnatcha,,,3:39,Dance,Dubstep,,,,,
DirtySnatchaRecords,DSR0021,195039605156,All In,,TruFeelz,8/28/2020,Dance,Dubstep,1,QZ5FN2075138,All In,,TruFeelz,,,3:11,Dance,Dubstep,,,,,
DirtySnatcha Records,DSR0021A,198342478707,All In,,TruFeelz,8/28/2020,Dance,Dubstep,1,QZ5FN2075138,All In,,TruFeelz,,,3:11,Dance,Dubstep,,,,,
DirtySnatchaRecords,DSR0023,195039670161,Loose It,,Eazley,8/17/2020,Dance,Dubstep,1,QZ5FN2097747,Loose It,,"Eazley,Autokorekt",,,2:46,Dance,Dubstep,,,,,
DirtySnatcha Records,DSR0023A,198342478653,Loose It,,Eazley,8/17/2020,Dance,Dubstep,1,QZ5FN2097747,Loose It,,"Eazley,Autokorekt",,,2:46,Dance,Dubstep,,,,,
DirtySnatchaRecords,DSR0022,195039623853,Break It,,JAYSYX,8/3/2020,Dance,Dubstep,1,QZ5FN2082238,Break It,,JAYSYX,,,3:12,Dance,Dubstep,,,,,
DirtySnatcha Records,DSR0022A,198342478639,Break It,,JAYSYX,8/3/2020,Dance,Dubstep,1,QZ5FN2082238,Break It,,JAYSYX,,,3:12,Dance,Dubstep,,,,,
DirtySnatchaRecords,DSR0020,195039602230,Riddim Gang,,Megahurtz,7/24/2020,Dance,Dubstep,1,QZ5FN2074245,Riddim Gang,,"Megahurtz,Alienpark",,,3:44,Dance,Dubstep,,,,,
DirtySnatcha Records,DSR0020A,198342478288,Riddim Gang,,Megahurtz,7/24/2020,Dance,Dubstep,1,QZ5FN2074245,Riddim Gang,,"Megahurtz,Alienpark",,,3:44,Dance,Dubstep,,,,,
DirtySnatchaRecords,DSR0019,195039591152,Heartbreaker,,Kryture,7/20/2020,Dance,Dubstep,1,QZ5FN2071126,Heartbreaker,,Kryture,,,3:30,Dance,Dubstep,,,,,
DirtySnatcha Records,DSR0019A,198342478202,Heartbreaker,,Kryture,7/20/2020,Dance,Dubstep,1,QZ5FN2071126,Heartbreaker,,Kryture,,,3:30,Dance,Dubstep,,,,,
DirtySnatcha,SN001,193872393520,Snatched,,Various Artists,6/14/2019,Dance,Dubstep,2,USLZJ1922760,Westside Rollin,,DirtySnatcha,,,3:25,Dance,Dubstep,,,,,
DirtySnatchaRecords,DSR0018,195039517169,Outta Here,,BENZO$,7/6/2020,Dance,Dubstep,1,QZ5FN2040117,Outta Here,,BENZO$,Rico Act,,3:19,Dance,Dubstep,,,,,
DirtySnatcha Records,DSR0018A,198342478196,Outta Here,,BENZO$,7/6/2020,Dance,Dubstep,1,QZ5FN2040117,Outta Here,,BENZO$,Rico Act,,3:19,Dance,Dubstep,,,,,
DirtySnatchaRecords,DSR0017,195039503575,Gamma Ray,,JAYSYX,6/12/2020,Dance,Dubstep,1,QZ5FN2032792,Gamma Ray,,JAYSYX,,,3:01,Dance,Dubstep,,,,,
DirtySnatcha Records,DSR0017A,198342478158,Gamma Ray,,JAYSYX,6/12/2020,Dance,Dubstep,1,QZ5FN2032792,Gamma Ray,,JAYSYX,,,3:01,Dance,Dubstep,,,,,
DirtySnatcha,SN001,193872393520,Snatched,,Various Artists,6/14/2019,Dance,Dubstep,6,USLZJ1922798,Step Aside,,DirtySnatcha,,,2:45,Dance,Dubstep,,,,,
DirtySnatchaRecords,DSR0016,195039444779,Demon Hunter,,Zubah,5/22/2020,Dance,Dubstep,1,QZ5FN2003847,Demon Hunter,,Zubah,,,3:45,Dance,Dubstep,,,,,
DirtySnatcha Records,DSR0016A,198342478141,Demon Hunter,,Zubah,5/22/2020,Dance,Dubstep,1,QZ5FN2003847,Demon Hunter,,Zubah,,,3:45,Dance,Dubstep,,,,,
DirtySnatchaRecords,DSR0015,195039441952,Wake Up,,LÜC,5/19/2020,Dance,Dubstep,1,QZ5FN2003053,Wake Up,,LÜC,,,3:02,Dance,Dubstep,,,,,
DirtySnatcha Records,DSR0015A,198342476710,Wake Up,,LÜC,5/19/2020,Dance,Dubstep,1,QZ5FN2003053,Wake Up,,LÜC,,,3:02,Dance,Dubstep,,,,,
DirtySnatchaRecords,DSR0014,195039440481,Do It,,Champagne Poppers,5/18/2020,Dance,Dubstep,1,QZ5FN2002317,Do It,,Champagne Poppers,,,3:31,Dance,Dubstep,,,,,
DirtySnatcha Records,DSR0014A,198342476703,Do It,,Champagne Poppers,5/18/2020,Dance,Dubstep,1,QZ5FN2002317,Do It,,Champagne Poppers,,,3:31,Dance,Dubstep,,,,,
DirtySnatchaRecords,DSR0011,195039382439,Back In The Jeanstalk,,Fixxer,5/15/2020,Dance,Dubstep,1,GBWUL2080849,Back In The Jeanstalk,,Fixxer,,,3:08,Dance,Dubstep,,,,,
DirtySnatcha Records,DSR0011A,198342476642,Back In The Jeanstalk,,Fixxer,5/15/2020,Dance,Dubstep,1,GBWUL2080849,Back In The Jeanstalk,,Fixxer,,,3:08,Dance,Dubstep,,,,,
DirtySnatchaRecords,DSR0012,195039396313,Turn It Up,,Yunit,5/8/2020,Dance,Dubstep,1,GBWUL2083817,Turn It Up,,Yunit,,,3:39,Dance,Dubstep,,,,,
DirtySnatcha Records,DSR0012A,198342476697,Turn It Up,,Yunit,5/8/2020,Dance,Dubstep,1,GBWUL2083817,Turn It Up,,Yunit,,,3:39,Dance,Dubstep,,,,,
DirtySnatchaRecords,DSR0009,195039382422,Deviate,,Paragon,5/1/2020,Dance,Dubstep,1,GBWUL2080841,Deviate,,"Paragon,Sqishi",,,3:07,Dance,Dubstep,,,,,
DirtySnatchaRecords,DSR0010,195039385195,Run It Up,,CHRMNDRS,5/1/2020,Dance,Dubstep,1,GBWUL2081365,Run It Up,,"CHRMNDRS,FutureExit",,,3:40,Dance,Dubstep,,,,,
DirtySnatcha Records,DSR0009A,198342476390,Deviate,,Paragon,5/1/2020,Dance,Dubstep,1,GBWUL2080841,Deviate,,"Paragon,Sqishi",,,3:07,Dance,Dubstep,,,,,
DirtySnatcha Records,DSR0010A,198342476673,Run It Up,,CHRMNDRS,5/1/2020,Dance,Dubstep,1,GBWUL2081365,Run It Up,,"CHRMNDRS,FutureExit",,,3:40,Dance,Dubstep,,,,,
DirtySnatchaRecords,DSR0008,195039365029,Chin Check,,Spiritual Gangsters,4/24/2020,Dance,Dubstep,1,GBWUL2075629,Chin Check,,Spiritual Gangsters,,,3:25,Dance,Dubstep,,,,,
DirtySnatcha,DIR003,193872334455,Set Me Free,,DirtySnatcha,5/10/2019,Dance,Dubstep,1,USLZJ1903529,Set Me Free,,DirtySnatcha,,,4:30,Dance,Dubstep,,,,,
DirtySnatcha Records,DSR0008A,198342476383,Chin Check,,Spiritual Gangsters,4/24/2020,Dance,Dubstep,1,GBWUL2075629,Chin Check,,Spiritual Gangsters,,,3:25,Dance,Dubstep,,,,,
DirtySnatcha,CAT298940,193872301358,Free,,DirtySnatcha,4/26/2019,Electronic,Dubstep,1,QZ5FN1992011,Free,,DirtySnatcha,,,3:53,Electronic,Dubstep,,,,,
DirtySnatchaRecords,DSR0007,195039259175,Rudeboy,,Seeing Double,3/20/2020,Dance,Dubstep,1,GBWUL2045907,Rudeboy,,"Seeing Double,Kryture",,,3:00,Dance,Dubstep,,,,,
DirtySnatcha Records,DSR0007A,198342476352,Rudeboy,,Seeing Double,3/20/2020,Dance,Dubstep,1,GBWUL2045907,Rudeboy,,"Seeing Double,Kryture",,,3:00,Dance,Dubstep,,,,,
DirtySnatchaRecords,DSR0082,197077787894,Need U,Ennaut Remix,DirtySnatcha,11/18/2022,Dance,Dubstep,1,QZWDD2263341,Need U,Ennaut Remix,"DirtySnatcha,Autokorekt",,Ennaut,3:58,Dance,Dubstep,,,,,
DirtySnatchaRecords,DSR0006,195039176236,Game Time,,Autokorekt,2/10/2020,Dance,Dubstep,1,GBWUL2023530,Game Time,,"Autokorekt,Eazley",Rico Act,,3:39,Dance,Dubstep,,,,,
DirtySnatcha Records,DSR0006A,198342476338,Game Time,,Autokorekt,2/10/2020,Dance,Dubstep,1,GBWUL2023530,Game Time,,"Autokorekt,Eazley",Rico Act,,3:39,Dance,Dubstep,,,,,
DirtySnatchaRecords,DSR0005,195039042241,Break Beat,,Krxnik,1/17/2020,Dance,Dubstep,1,GBWUL2005941,Break Beat,,Krxnik,,,2:44,Dance,Dubstep,,,,,
DirtySnatcha Records,DSR0005A,198342476321,Break Beat,,Krxnik,1/17/2020,Dance,Dubstep,1,GBWUL2005941,Break Beat,,Krxnik,,,2:44,Dance,Dubstep,,,,,
DirtySnatchaRecords,DSR0004,193872995922,Bloodthirsty,,Howker,1/3/2020,Dance,Dubstep,1,GBWUL1958037,Bloodthirsty,,Howker,,,3:05,Dance,Dubstep,,,,,
DirtySnatcha Records,DSR0004A,198342475331,Bloodthirsty,,Howker,1/3/2020,Dance,Dubstep,1,GBWUL1958037,Bloodthirsty,,Howker,,,3:05,Dance,Dubstep,,,,,
DirtySnatcha Records,DSR0082A,198342500538,Need U,Ennaut Remix,DirtySnatcha,11/18/2022,Dance,Dubstep,1,QZWDD2263341,Need U,Ennaut Remix,"DirtySnatcha,Autokorekt",,Ennaut,3:58,Dance,Dubstep,,,,,
DirtySnatchaRecords,DSR0033,191079832910,Need U,Dobadlyy Remix,DirtySnatcha,1/8/2021,Dance,Dubstep,1,QZ5FN2114150,Need U,Dobadlyy Remix,"DirtySnatcha,Autokorekt",,Dobadlyy,4:00,Dance,Dubstep,,,,,
DirtySnatcha Records,DSR0033A,198342491317,Need U,Dobadlyy Remix,DirtySnatcha,1/8/2021,Dance,Dubstep,1,QZ5FN2114150,Need U,Dobadlyy Remix,"DirtySnatcha,Autokorekt",,Dobadlyy,4:00,Dance,Dubstep,,,,,
DirtySnatchaRecords,DSR002,193872759715,Arachnophobia,,Blue,10/31/2019,Dance,Dubstep,1,GBWUL1910254,Arachnophobia,,Blue,,,4:00,Dance,Dubstep,,,,,
DirtySnatcha Records,DSR002A,198342475072,Arachnophobia,,Blue,10/31/2019,Dance,Dubstep,1,GBWUL1910254,Arachnophobia,,Blue,,,4:00,Dance,Dubstep,,,,,
DirtySnatchaRecords,DSR0002,193872732756,Arachnophobia,,Blue,10/28/2019,Dance,Dubstep,1,GBWUL1910254,Arachnophobia,,Blue,,,4:00,Dance,Dubstep,,,,,
DirtySnatcha Records,DSR0002A,198342475034,Arachnophobia,,Blue,10/28/2019,Dance,Dubstep,1,GBWUL1910254,Arachnophobia,,Blue,,,4:00,Dance,Dubstep,,,,,
DirtySnatchaRecords,DSR0001,193872701530,Dodge Ball,,Toast,10/18/2019,Dance,Dubstep,1,GBWUL1907096,Dodge Ball,,Toast,,,2:57,Dance,Dubstep,,,,,
DirtySnatcha Records,DSR0001A,198342464809,Dodge Ball,,Toast,10/18/2019,Dance,Dubstep,1,GBWUL1907096,Dodge Ball,,Toast,,,2:57,Dance,Dubstep,,,,,
DirtySnatcha,DS0006,195039465118,Need U,,DirtySnatcha,5/29/2020,Dance,Dubstep,1,QZ5FN2012069,Need U,,"DirtySnatcha,Autokorekt",,,3:18,Dance,Dubstep,,,,,
DirtySnatcha,SN001,193872393520,Snatched,,Various Artists,6/14/2019,Dance,Dubstep,3,USLZJ1922762,Break That,,"DirtySnatcha,Creation",,,3:12,Dance,Dubstep,,,,,
DirtySnatcha,DS0015,195729992320,Old School,,DirtySnatcha,7/22/2022,Dance,Dubstep,1,GBRKQ2277569,Old School,,"DirtySnatcha,In Orbit Dubz",,,3:39,Dance,Dubstep,,,,,
DirtySnatcha,DS0009,192650014657,Found Myself,,DirtySnatcha,2/5/2021,Dance,Dance,1,QZ5FN2132637,Found Myself,,"DirtySnatcha,Katie Sky",,,3:50,Dance,Dance,,,,,
DirtySnatcha,SN001,193872393520,Snatched,,Various Artists,6/14/2019,Dance,Dubstep,5,USLZJ1922778,Come Get Some,,"DirtySnatcha,Kris Cayden",,,4:04,Dance,Dubstep,,,,,
DirtySnatcha Records,DSR132,198342437506,Genie In a Bottle,,DirtySnatcha,4/19/2024,Dance,Dubstep,1,GBWUL2407705,Genie In a Bottle,,"DirtySnatcha,Luci",,,3:18,Dance,Dubstep,,,,,
DirtySnatcha,DS0004,195039286430,Crashing,,DirtySnatcha,3/27/2020,Dance,Dubstep,1,GBWUL2054729,Crashing,,"DirtySnatcha,Matt Doe",,,2:57,Dance,Dubstep,,,,,
DirtySnatcha,CAT294133,193872258041,Wasted,,DirtySnatcha,4/4/2019,Dance,Dubstep,1,QZ5FN1978630,Wasted,,"DirtySnatcha,Mvrkk",,,3:51,Dance,Dubstep,,,,,
DirtySnatcha,DS0013,195729258655,Move Back,,DirtySnatcha,1/30/2022,Dance,Dubstep,1,QZ5FN2200966,Move Back,,"DirtySnatcha,Point.Blank",,,2:35,Dance,Dubstep,,,,,
DirtySnatcha,SN001,193872393520,Snatched,,Various Artists,6/14/2019,Dance,Dubstep,4,USLZJ1922763,Blazin,,"DirtySnatcha,Subject 31",,,2:52,Dance,Dubstep,,,,,
