date,listeners,monthly listeners,monthly active listeners,super listeners,streams,playlist adds,saves,followers
2024-01-01,662,17735,1955,31,801,45,14,3928
2024-01-02,735,17729,1954,29,908,33,32,3930
2024-01-03,796,17754,1984,30,996,36,34,3931
2024-01-04,422,16628,1996,30,569,40,34,3932
2024-01-05,446,16274,2001,28,558,56,31,3932
2024-01-06,323,15988,2013,27,452,35,20,3932
2024-01-07,351,15778,2045,29,459,44,24,3935
2024-01-08,821,15762,2062,33,988,63,42,3934
2024-01-09,801,15851,2123,33,1022,53,45,3936
2024-01-10,650,15854,2129,36,790,29,27,3936
2024-01-11,660,15564,2121,35,855,27,17,3938
2024-01-12,1060,15822,2148,38,1298,67,59,3938
2024-01-13,869,15859,2168,39,1019,44,34,3942
2024-01-14,736,15726,2184,36,918,33,29,3941
2024-01-15,880,15679,2190,38,1125,45,38,3941
2024-01-16,884,15681,2221,38,1064,59,23,3940
2024-01-17,853,15580,2224,39,1015,33,27,3940
2024-01-18,1004,15624,2236,44,1242,37,33,3943
2024-01-19,595,15327,2246,48,729,43,17,3943
2024-01-20,704,15161,2268,50,844,46,21,3944
2024-01-21,580,15029,2273,52,669,23,14,3946
2024-01-22,715,15436,2285,54,912,32,27,3947
2024-01-23,859,15409,2293,59,1035,20,9,3947
2024-01-24,791,15343,2293,61,958,36,22,3948
2024-01-25,814,15340,2309,59,1007,37,20,3948
2024-01-26,459,15000,2315,62,597,32,10,3948
2024-01-27,717,14981,2317,61,821,31,11,3949
2024-01-28,704,14948,2331,59,824,29,8,3949
2024-01-29,763,14985,2332,63,952,22,8,3950
2024-01-30,846,15060,2344,66,1022,20,17,3950
2024-01-31,689,14931,2330,68,817,27,9,3950
2024-02-01,746,15216,2323,66,875,28,14,3951
2024-02-02,394,15149,2310,67,486,21,7,3950
2024-02-03,315,15130,2302,69,389,21,6,3950
2024-02-04,324,15109,2268,71,378,21,15,3950
2024-02-05,565,14957,2262,73,720,54,33,3950
2024-02-06,485,14676,2218,77,623,25,15,3952
2024-02-07,504,14497,2202,76,610,23,17,3952
2024-02-08,462,14258,2199,79,564,27,21,3954
2024-02-09,375,13656,2187,75,483,51,24,3954
2024-02-10,338,13190,2177,75,426,27,13,3954
2024-02-11,275,12794,2167,73,327,22,15,3955
2024-02-12,464,12512,2164,71,605,39,28,3955
2024-02-13,546,12215,2162,67,1288,38,30,3955
2024-02-14,609,11940,2169,67,2518,15,20,3955
2024-02-15,788,11630,2166,67,2323,24,22,3955
2024-02-16,931,11958,2151,63,1512,28,18,3956
2024-02-17,624,11888,2133,63,763,16,6,3956
2024-02-18,606,11878,2131,63,783,27,13,3956
2024-02-19,433,11621,2122,60,597,13,12,3957
2024-02-20,594,11396,2108,64,736,23,4,3957
2024-02-21,553,11182,2085,63,638,12,9,3956
2024-02-22,644,11060,2092,55,793,28,15,3958
2024-02-23,354,10981,2088,52,576,23,13,3959
2024-02-24,286,10591,2081,54,489,16,10,3959
2024-02-25,272,10184,2064,56,364,19,8,3959
2024-02-26,330,9803,2062,59,548,28,7,3959
2024-02-27,537,9528,2065,57,1149,14,11,3960
2024-02-28,445,9316,2053,55,742,17,9,3960
2024-02-29,456,9048,2043,56,582,20,13,3959
2024-03-01,437,9122,2054,56,569,21,14,3960
2024-03-02,474,9270,2061,55,551,18,13,3960
2024-03-03,421,9368,2057,57,484,20,16,3960
2024-03-04,410,9311,2067,53,513,31,25,3960
2024-03-05,382,9274,2059,48,500,16,12,3960
2024-03-06,624,9447,2293,48,724,55,148,3966
2024-03-07,5140,14071,6888,46,6143,915,2481,3976
2024-03-08,3237,16428,9053,51,4161,550,1140,3991
2024-03-09,2387,17979,10516,59,3019,260,660,3995
2024-03-10,2459,19679,12140,65,2987,238,669,4004
2024-03-11,3714,22321,14604,81,4543,345,923,4012
2024-03-12,2906,24096,16162,90,3621,209,565,4017
2024-03-13,2368,25318,17287,105,3002,203,432,4021
2024-03-14,1735,25655,17835,112,2273,137,307,4023
2024-03-15,1554,25708,18350,124,2063,127,268,4027
2024-03-16,1270,25839,18723,133,1604,103,240,4030
2024-03-17,1003,25830,18997,136,1219,73,206,4031
2024-03-18,1197,26098,19284,149,1490,79,151,4033
2024-03-19,1252,26272,19612,158,1559,76,198,4035
2024-03-20,1277,26504,19935,166,1615,72,162,4038
2024-03-21,1310,26674,20279,177,1579,85,210,4041
2024-03-22,1100,26989,20554,178,1338,73,91,4044
2024-03-23,883,27236,20771,184,1080,49,76,4044
2024-03-24,729,27381,20905,188,877,39,62,4044
2024-03-25,881,27549,21079,198,1066,55,53,4040
2024-03-26,942,27557,21271,204,1100,54,51,4040
2024-03-27,1007,27734,21453,209,1196,51,59,4042
2024-03-28,1004,27875,21617,212,1169,62,83,4042
2024-03-29,841,27968,21757,219,984,47,64,4042
2024-03-30,728,27926,21872,225,864,44,32,4042
2024-03-31,526,27855,21957,229,633,19,36,4043
2024-04-01,721,27933,22091,234,879,39,51,4044
2024-04-02,749,28037,22247,240,916,40,38,4044
2024-04-03,738,27944,22224,248,855,46,48,4046
2024-04-04,762,24462,18759,233,888,39,38,4046
2024-04-05,712,22657,17102,223,828,41,54,4047
2024-04-06,681,21446,15928,215,827,28,36,4047
2024-04-07,556,20078,14622,207,665,26,35,4047
2024-04-08,710,17921,12559,193,855,29,54,4047
2024-04-09,695,16423,11200,189,828,50,39,4051
2024-04-10,738,15346,10269,175,846,43,33,4055
2024-04-11,735,14765,9815,149,895,33,25,4062
2024-04-12,703,14248,9433,136,882,36,47,4063
2024-04-13,597,13845,9115,135,724,34,23,4067
2024-04-14,515,13562,8908,131,604,44,17,4068
2024-04-15,570,13261,8673,118,698,37,25,4070
2024-04-16,623,12925,8429,114,741,39,47,4071
2024-04-17,567,12511,8148,108,668,41,27,4073
2024-04-18,647,12096,7911,100,771,31,27,4074
2024-04-19,587,11790,7682,95,689,31,32,4077
2024-04-20,514,11582,7525,89,612,23,25,4078
2024-04-21,420,11420,7415,87,465,27,15,4078
2024-04-22,547,11300,7304,86,619,26,31,4078
2024-04-23,522,11100,7160,89,624,34,29,4078
2024-04-24,544,10825,7066,90,659,30,36,4078
2024-04-25,603,10545,6910,88,756,31,36,4081
2024-04-26,604,10410,6822,83,738,42,30,4081
2024-04-27,536,10319,6763,80,642,48,33,4085
2024-04-28,418,10235,6685,79,496,27,21,4086
2024-04-29,1087,10701,6612,77,1332,75,85,4088
2024-04-30,945,10878,6529,78,1186,54,54,4091
2024-05-01,821,10943,6448,78,985,70,44,4092
2024-05-02,850,10992,6419,80,1001,131,37,4095
2024-05-03,721,10971,6339,82,876,41,34,4098
2024-05-04,595,10916,6273,79,729,60,32,4100
2024-05-05,461,10868,6213,80,561,86,26,4100
2024-05-06,580,10795,6131,74,744,66,33,4103
2024-05-07,601,10732,6085,77,725,46,32,4103
2024-05-08,620,10672,6023,73,756,74,30,4104
2024-05-09,619,10579,5956,73,737,42,31,4104
2024-05-10,558,10510,5891,69,666,45,35,4105
2024-05-11,492,10445,5835,63,599,149,20,4105
2024-05-12,397,10364,5785,61,461,36,14,4105
2024-05-13,656,10478,5765,62,801,44,42,4105
2024-05-14,699,10528,5700,69,834,30,29,4106
2024-05-15,664,10615,5695,65,760,29,28,4105
2024-05-16,713,10704,5725,63,842,34,47,4106
2024-05-17,607,10739,5729,65,723,51,39,4108
2024-05-18,564,10788,5732,68,649,63,40,4109
2024-05-19,445,10778,5711,69,497,36,25,4110
2024-05-20,802,11048,5730,68,955,42,82,4115
2024-05-21,798,11268,5787,67,970,44,50,4115
2024-05-22,741,11395,5804,65,915,41,38,4117
2024-05-23,646,11415,5802,66,741,36,36,4117
2024-05-24,559,11368,5760,66,686,59,32,4122
2024-05-25,470,11312,5698,70,542,19,30,4122
2024-05-26,434,11336,5680,69,547,28,26,4123
2024-05-27,790,11302,5648,64,969,59,40,4124
2024-05-28,743,11216,5621,61,917,30,41,4123
2024-05-29,728,11147,5605,63,923,53,48,4125
2024-05-30,610,10959,5509,61,776,32,31,4127
2024-05-31,544,10802,5462,58,667,39,31,4128
2024-06-01,459,10676,5423,57,538,26,23,4129
2024-06-02,376,10595,5423,56,422,30,24,4130
2024-06-03,467,10504,5383,58,566,24,13,4130
2024-06-04,445,10434,5347,58,532,22,15,4130
2024-06-05,469,10358,5335,56,564,32,34,4130
2024-06-06,477,10239,5311,54,527,30,21,4134
2024-06-07,428,10125,5276,51,501,33,17,4136
2024-06-08,379,10041,5246,50,453,39,24,4136
2024-06-09,358,10022,5250,48,432,24,28,4144
2024-06-10,459,9930,5225,50,549,43,32,4145
2024-06-11,458,9799,5199,51,538,30,22,4145
2024-06-12,465,9664,5165,53,532,37,25,4146
2024-06-13,394,9458,5072,51,459,34,15,4145
2024-06-14,427,9315,4997,50,499,22,22,4146
2024-06-15,370,9184,4916,52,429,35,17,4148
2024-06-16,341,9117,4898,52,393,24,17,4150
2024-06-17,457,8917,4818,53,550,20,23,4150
2024-06-18,535,8797,4740,51,631,40,30,4152
2024-06-19,505,8659,4686,53,591,46,30,4152
2024-06-20,464,8528,4629,52,539,28,20,4152
2024-06-21,399,8426,4603,51,464,35,14,4152
2024-06-22,352,8334,4595,51,414,16,15,4144
2024-06-23,313,8250,4576,49,351,17,12,4144
2024-06-24,307,7953,4536,49,348,14,10,4145
2024-06-25,339,7691,4502,49,403,13,23,4145
2024-06-26,378,7485,4475,49,458,18,16,4145
2024-06-27,332,7319,4459,46,395,27,16,4144
2024-06-28,338,7183,4430,48,389,28,19,4143
2024-06-29,291,7078,4418,48,366,15,27,4143
2024-06-30,335,7061,4419,48,393,39,29,4142
2024-07-01,547,7210,4418,48,681,39,37,4144
2024-07-02,553,7266,4422,49,753,27,41,4144
2024-07-03,482,7293,4416,49,598,31,41,4144
2024-07-04,453,7277,4390,48,543,21,18,4145
2024-07-05,403,7280,4378,48,477,32,25,4149
2024-07-06,350,7220,4342,48,434,16,19,4150
2024-07-07,366,7203,4322,44,440,21,18,4150
2024-07-08,706,7472,4313,40,848,33,44,4150
2024-07-09,550,7552,4292,39,697,37,26,4150
2024-07-10,526,7569,4269,38,636,49,22,4150
2024-07-11,497,7619,4252,39,593,37,31,4153
2024-07-12,448,7617,4235,38,541,33,35,4155
2024-07-13,376,7614,4234,37,425,26,22,4155
2024-07-14,318,7595,4213,38,351,22,19,4155
2024-07-15,379,7568,4239,39,460,31,19,4156
2024-07-16,417,7481,4230,40,460,26,27,4157
2024-07-17,368,7372,4204,39,457,31,15,4157
2024-07-18,396,7355,4201,39,452,28,26,4160
2024-07-19,420,7387,4208,42,502,22,19,4161
2024-07-20,331,7377,4213,43,372,25,10,4161
2024-07-21,291,7354,4197,42,345,29,19,4163
2024-07-22,418,7429,4218,44,457,25,17,4163
2024-07-23,429,7494,4224,40,486,23,19,4164
2024-07-24,375,7491,4210,41,438,18,22,4166
2024-07-25,418,7537,4205,37,468,26,24,4168
2024-07-26,373,7575,4214,37,422,23,17,4168
2024-07-27,322,7583,4207,36,384,30,12,4168
2024-07-28,271,7534,4178,37,302,17,10,4169
2024-07-29,260,7346,4136,37,293,9,12,4170
2024-07-30,343,7211,4099,35,396,34,12,4170
2024-07-31,365,7168,4063,31,423,27,19,4170
2024-08-01,382,7150,4043,33,449,18,25,4173
2024-08-02,357,7120,4044,33,401,19,15,4173
2024-08-03,288,7069,4038,32,329,21,18,4175
2024-08-04,252,6972,4018,32,293,19,14,4176
2024-08-05,454,6875,4011,30,542,36,34,4178
2024-08-06,382,6780,4003,26,469,33,11,4178
2024-08-07,389,6710,4001,22,475,14,16,4178
2024-08-08,415,6663,4022,28,526,21,20,4179
2024-08-09,321,6576,4009,26,395,18,19,4180
2024-08-10,301,6498,3994,27,362,31,15,4180
2024-08-11,267,6456,3988,26,312,26,15,4178
2024-08-12,310,6399,3945,25,364,11,14,4177
2024-08-13,326,6317,3910,26,387,24,20,4178
2024-08-14,446,6383,4011,28,570,156,59,4179
2024-08-15,3774,9710,7049,34,4404,490,674,4189
2024-08-16,12117,20934,8357,39,14972,984,1098,4197
2024-08-17,5468,24827,9090,36,6753,352,466,4204
2024-08-18,3821,27256,9782,37,4583,271,326,4209
2024-08-19,4603,30170,10602,39,5521,254,346,4212
2024-08-20,4059,32466,11318,48,4949,275,287,4214
2024-08-21,3765,34606,12024,52,4570,201,249,4217
2024-08-22,3479,36310,12419,57,4176,213,207,4222
2024-08-23,1892,37176,12679,63,2314,145,92,4222
2024-08-24,1194,37617,12852,68,1426,72,60,4224
2024-08-25,968,37962,12960,74,1165,83,42,4224
2024-08-26,1992,39230,13123,78,2333,133,89,4226
2024-08-27,1870,40230,13271,85,2244,109,93,4226
2024-08-28,1840,41148,13461,92,2162,94,90,4227
2024-08-29,1844,42033,13649,95,2167,132,104,4226
2024-08-30,2773,43843,13889,104,3244,233,185,4227
2024-08-31,1649,44636,14060,109,1922,128,98,4230
2024-09-01,1256,45199,14229,112,1467,127,93,4231
2024-09-02,1325,45689,14381,118,1592,93,67,4233
2024-09-03,1508,46317,14553,120,1805,97,76,4236
2024-09-04,1591,46972,14753,125,1857,116,74,4240
2024-09-05,1727,47749,14947,133,2010,117,94,4242
2024-09-06,1037,48061,15129,139,1196,72,46,4242
2024-09-07,829,48262,15267,146,976,43,39,4245
2024-09-08,679,48418,15378,145,759,47,25,4245
2024-09-09,932,48777,15523,151,1084,43,31,4247
2024-09-10,974,49045,15724,159,1155,128,98,4249
2024-09-11,1049,49269,15826,163,1231,86,75,4249
2024-09-12,1022,46907,13318,163,1200,89,48,4251
2024-09-13,1180,38773,12408,152,1421,208,131,4259
2024-09-14,922,35575,12000,149,1137,114,71,4263
2024-09-15,773,33350,11565,143,1039,87,78,4265
2024-09-16,980,30760,10968,142,1210,125,99,4267
2024-09-17,925,28307,10351,135,1139,117,62,4268
2024-09-18,893,26067,9812,128,1088,70,65,4270
2024-09-19,779,23829,9480,123,993,88,41,4273
2024-09-20,724,22920,9290,119,925,80,52,4275
2024-09-21,667,22507,9161,116,849,65,54,4277
2024-09-22,545,22224,9118,121,733,86,47,4281
2024-09-23,719,21296,9026,123,892,108,59,4282
2024-09-24,830,20588,8905,121,974,52,29,4283
2024-09-25,783,19945,8747,118,903,59,14,4285
2024-09-26,883,19304,8576,117,1035,54,27,4286
2024-09-27,754,17797,8352,114,872,42,28,4291
2024-09-28,727,17245,8228,110,837,42,17,4292
2024-09-29,678,16887,8088,110,783,31,15,4294
2024-09-30,755,16567,7956,102,869,46,19,4293
2024-10-01,811,16140,7807,100,896,28,20,4293
2024-10-02,1020,15759,7616,95,1132,48,15,4293
2024-10-03,804,15016,7396,97,921,36,22,4293
2024-10-04,905,14986,7211,100,1003,46,14,4293
2024-10-05,943,15161,7062,99,1038,24,20,4291
2024-10-06,757,15294,6927,100,829,30,15,4293
2024-10-07,769,15279,6779,99,848,33,11,4294
2024-10-08,781,15230,6534,98,881,41,103,4295
2024-10-09,923,15229,6333,97,1044,51,104,4297
2024-10-10,887,15193,6109,95,963,33,88,4300
2024-10-11,834,15031,5962,91,943,28,95,4301
2024-10-12,749,14981,5817,89,836,26,77,4302
2024-10-13,714,15020,5671,79,780,42,103,4304
2024-10-14,985,15159,5584,75,1132,50,131,4306
2024-10-15,1269,15570,5754,77,1539,88,195,4315
2024-10-16,1209,15819,5765,73,1434,83,155,4315
2024-10-17,1044,16061,5751,79,1202,62,112,4317
2024-10-18,1166,16496,5756,76,1347,105,142,4321
2024-10-19,1045,16765,5700,75,1257,36,138,4322
2024-10-20,685,16866,5657,70,815,40,66,4323
2024-10-21,1523,17609,5613,65,1782,110,160,4324
2024-10-22,1711,18206,5615,61,2012,81,226,4326
2024-10-23,1325,18586,5625,63,1605,48,156,4327
2024-10-24,1305,18871,5595,63,1502,70,146,4327
2024-10-25,1245,19204,5607,66,1417,63,154,4328
2024-10-26,953,19337,5574,68,1106,30,119,4327
2024-10-27,997,19566,5559,71,1126,34,138,4327
2024-10-28,1141,19890,5561,70,1303,60,141,4327
2024-10-29,771,19854,5533,72,893,32,145,4328
2024-10-30,798,19672,5532,73,927,54,160,4327
2024-10-31,1060,19992,5538,74,1178,36,108,4327
2024-11-01,1097,20212,5513,74,1222,56,110,4329
2024-11-02,1208,20559,5516,75,1353,38,138,4331
2024-11-03,1092,20894,5487,77,1238,29,146,4332
2024-11-04,979,21071,5471,79,1154,54,128,4333
2024-11-05,918,21214,5477,80,1036,57,142,4334
2024-11-06,1413,21615,5450,78,1673,53,96,4335
2024-11-07,1136,21924,5396,78,1253,62,22,4334
2024-11-08,1349,22424,5378,77,1496,51,36,4340
2024-11-09,1210,22867,5365,79,1320,48,12,4340
2024-11-10,1132,23306,5353,82,1302,42,23,4341
2024-11-11,1500,23882,5357,82,1752,58,47,4343
2024-11-12,1426,24094,5138,80,1728,53,36,4345
2024-11-13,1379,24294,5061,80,1584,58,28,4347
2024-11-14,1728,24782,5331,92,2952,304,524,4359
2024-11-15,1551,24969,5423,107,2498,249,252,4368
2024-11-16,1440,25176,5439,105,1844,76,85,4369
2024-11-17,1315,25590,5475,112,1655,135,75,4373
2024-11-18,1311,25433,5466,113,1623,101,61,4374
2024-11-19,1330,25243,5463,112,1733,119,102,4376
2024-11-20,1186,25039,5458,107,1472,110,72,4380
2024-11-21,1651,25230,5458,107,2040,61,59,4381
2024-11-22,1255,25154,5459,104,1544,110,65,4382
2024-11-23,1213,25208,5453,109,1463,86,31,4383
2024-11-24,1243,25094,5460,112,1496,98,46,4383
2024-11-25,1454,25242,5436,114,1716,99,68,4384
2024-11-26,1287,25571,5453,115,1500,62,98,4384
2024-11-27,1280,25899,5464,122,1551,62,204,4385
2024-11-28,1370,26030,5446,120,1638,42,205,4386
2024-11-29,1147,26019,5427,121,1358,68,183,4387
2024-11-30,1377,26021,5406,124,1587,37,234,4391
2024-12-01,1348,26124,5413,124,1539,49,211,4393
2024-12-02,1739,26679,5427,122,2012,70,260,4395
2024-12-03,1597,27168,5454,124,1855,148,213,4397
2024-12-04,1598,27113,5471,125,1791,80,205,4402
2024-12-05,1379,27159,5478,125,1590,103,193,4404
2024-12-06,1621,27225,5467,124,1865,119,256,4403
2024-12-07,1190,27094,5436,127,1396,85,180,4405
2024-12-08,1015,27037,5435,124,1177,67,138,4409
2024-12-09,1239,26995,5444,125,1447,75,154,4410
2024-12-10,1392,27024,5448,125,1607,57,159,4411
2024-12-11,1291,27004,5443,121,1494,87,143,4414
2024-12-12,1446,26938,5256,105,1655,96,157,4416
2024-12-13,1641,27154,5184,91,1899,89,158,4418
2024-12-14,1340,27232,5171,86,1555,98,158,4420
2024-12-15,1202,27216,5144,84,1391,66,134,4422
2024-12-16,1362,27337,5113,86,1580,59,130,4425
2024-12-17,1577,27601,5113,80,1829,71,159,4419
2024-12-18,1527,27917,5114,79,1771,52,191,4419
2024-12-19,1194,27629,5092,78,1406,84,153,4420
2024-12-20,1301,27759,5092,74,1462,94,139,4423
2024-12-21,1515,28085,5094,73,1690,54,185,4423
2024-12-22,1224,28196,5071,72,1349,67,118,4421
2024-12-23,1477,28233,5067,67,1672,82,144,4421
2024-12-24,1051,28062,5055,65,1251,46,102,4420
2024-12-25,796,27760,4955,63,882,58,93,4420
2024-12-26,882,27477,4935,63,966,33,23,4422
2024-12-27,979,27375,4922,62,1122,74,20,4422
2024-12-28,955,27058,4920,63,1087,47,32,4422
2024-12-29,808,26641,4909,69,926,54,25,4423
2024-12-30,1096,26139,4873,71,1219,75,27,4425
2024-12-31,1050,25712,4850,71,1194,50,36,4427
2025-01-01,863,25150,4792,69,967,38,26,4426
2025-01-02,955,24929,4781,67,1079,81,24,4425
2025-01-03,1154,24601,4769,64,1297,50,23,4429
2025-01-04,940,24372,4767,65,1058,56,17,4427
2025-01-05,867,24263,4759,64,952,64,26,4428
2025-01-06,1384,24514,4754,63,1521,60,31,4428
2025-01-07,2239,25445,4771,62,2449,65,60,4430
2025-01-08,2085,26241,4755,63,2246,64,38,4430
2025-01-09,2075,26772,4748,64,2269,86,38,4431
2025-01-10,1736,26945,4705,59,1885,62,24,4432
2025-01-11,1248,26952,4676,59,1382,36,21,4433
2025-01-12,999,26829,4676,56,1089,67,24,4436
2025-01-13,1679,27198,4692,50,1805,54,24,4437
2025-01-14,1557,27183,4690,45,1679,50,17,4440
2025-01-15,1474,27157,4686,43,1595,55,63,4442
2025-01-16,1365,27348,4685,39,1511,46,47,4441
2025-01-17,1204,27218,4671,37,1326,58,54,4444
2025-01-18,1029,26846,4664,36,1107,47,54,4444
2025-01-19,791,26551,4654,37,854,58,39,4444
2025-01-20,1363,26471,4642,36,1512,64,63,4444
2025-01-21,1350,26734,4656,36,1467,65,58,4443
2025-01-22,1306,27075,4703,38,1426,40,59,4447
2025-01-23,1197,27246,4723,45,1353,42,57,4448
2025-01-24,1077,27279,4745,44,1190,48,48,4449
2025-01-25,866,27186,4743,42,946,58,35,4452
2025-01-26,693,27091,4735,40,754,57,46,4454
2025-01-27,978,26990,4731,41,1075,51,57,4456
2025-01-28,1089,26968,4712,40,1195,61,43,4457
2025-01-29,1133,27106,4725,41,1274,47,48,4457
2025-01-30,998,27121,4737,42,1093,66,58,4458
2025-01-31,1162,27076,4787,44,1501,264,242,4462
2025-02-01,934,27024,4807,43,1152,113,101,4464
2025-02-02,929,27052,4932,46,1314,123,152,4466
2025-02-03,1318,27013,5170,52,2022,199,218,4473
2025-02-04,1693,26606,5452,65,2825,205,259,4482
2025-02-05,1717,26304,5595,75,2589,158,170,4489
2025-02-06,1484,25755,5631,77,2031,128,129,4493
2025-02-07,1317,25322,5673,85,1707,104,96,4494
2025-02-08,973,25004,5700,91,1291,64,62,4496
2025-02-09,779,24758,5700,91,1019,93,97,4500
2025-02-10,953,24141,5683,96,1199,47,62,4500
2025-02-11,1084,23736,5664,97,1325,83,89,4500
2025-02-12,1084,23401,5659,102,1346,65,94,4503
2025-02-13,969,23058,5644,105,1202,56,65,4505
2025-02-14,889,22747,5630,112,1060,63,29,4504
2025-02-15,762,22528,5624,115,884,44,27,4506
2025-02-16,670,22393,5628,118,800,75,29,4509
2025-02-17,792,21934,5623,120,907,46,27,4510
2025-02-18,853,21474,5580,120,1023,56,29,4510
2025-02-19,835,21029,5573,122,989,32,22,4509
2025-02-20,845,20695,5554,118,1002,55,44,4509
2025-02-21,879,20512,5560,118,1042,64,42,4510
2025-02-22,729,20366,5556,119,899,66,34,4511
2025-02-23,649,20298,5578,124,737,36,31,4510
2025-02-24,902,20227,5596,125,1055,40,34,4514
2025-02-25,968,20072,5604,125,1179,101,34,4516
2025-02-26,958,19842,5606,122,1168,44,37,4517
2025-02-27,884,19720,5616,122,1046,51,30,4518
2025-02-28,852,19535,5595,117,980,55,23,4517
2025-03-01,682,19361,5558,110,778,36,29,4518
2025-03-02,584,19106,5439,105,673,23,18,4519
2025-03-03,671,18663,5219,97,786,48,12,4521
2025-03-04,775,18001,4951,83,888,31,32,4521
2025-03-05,853,17390,4837,75,985,53,25,4520
2025-03-06,838,16963,4778,71,958,55,36,4520
2025-03-07,875,16718,4728,66,987,58,34,4520
2025-03-08,701,16574,4718,65,786,45,35,4521
2025-03-09,597,16451,4704,62,676,33,34,4520
2025-03-10,1111,16725,4720,59,1299,90,67,4521
2025-03-11,1011,16677,4730,63,1216,46,65,4523
2025-03-12,935,16573,4718,60,1114,62,64,4524
2025-03-13,857,16444,4732,59,980,42,22,4525
2025-03-14,822,16383,4740,60,981,83,45,4525
2025-03-15,667,16260,4748,60,816,54,33,4526
2025-03-16,475,16109,4726,58,584,50,18,4526
2025-03-17,670,16014,4737,60,775,84,20,4525
2025-03-18,732,15923,4762,61,852,48,21,4526
2025-03-19,812,15897,4776,61,975,48,17,4526
2025-03-20,866,15940,4786,65,1027,39,24,4527
2025-03-21,798,15879,4783,68,942,70,34,4530
2025-03-22,615,15789,4761,69,686,44,23,4530
2025-03-23,539,15649,4746,68,629,52,20,4531
2025-03-24,690,15501,4719,67,784,44,26,4532
2025-03-25,804,15380,4688,67,934,49,25,4535
2025-03-26,897,15320,4673,64,1013,37,39,4535
2025-03-27,805,15223,4656,63,935,56,53,4538
2025-03-28,702,15096,4637,60,816,94,32,4540
2025-03-29,549,14980,4631,62,649,41,25,4539
2025-03-30,444,14844,4610,63,537,36,13,4541
2025-03-31,779,14933,4616,61,917,79,43,4541
2025-04-01,829,14963,4606,66,943,70,24,4541
2025-04-02,717,14845,4582,65,841,44,20,4543
2025-04-03,718,14732,4553,63,823,69,24,4544
2025-04-04,681,14542,4510,63,809,70,20,4546
2025-04-05,534,14385,4475,59,587,30,8,4546
2025-04-06,427,14272,4456,59,495,36,19,4547
2025-04-07,645,13952,4423,58,708,35,28,4548
2025-04-08,727,13782,4399,55,798,33,23,4548
2025-04-09,721,13618,4365,53,821,70,41,4549
2025-04-10,668,13501,4339,50,805,74,25,4549
2025-04-11,639,13404,4332,48,725,59,18,4550
2025-04-12,500,13318,4296,48,607,33,49,4551
2025-04-13,430,13282,4277,48,497,39,11,4551
2025-04-14,557,13229,4242,47,616,35,21,4551
2025-04-15,654,13204,4234,47,741,35,12,4551
2025-04-16,632,13071,4205,45,715,60,31,4552
2025-04-17,624,12896,4173,41,708,61,33,4553
2025-04-18,535,12725,4133,39,595,42,17,4554
2025-04-19,455,12609,4112,35,522,38,19,4554
2025-04-20,367,12508,4062,31,432,96,22,4555
2025-04-21,517,12400,4052,31,566,50,10,4555
2025-04-22,578,12255,4019,29,633,45,13,4555
2025-04-23,554,12052,3952,30,616,31,10,4555
2025-04-24,665,11936,3945,27,750,55,21,4556
2025-04-25,599,11895,3922,27,684,74,20,4557
2025-04-26,491,11856,3916,26,562,29,7,4557
2025-04-27,401,11841,3905,25,445,62,21,4557
2025-04-28,575,11747,3898,25,669,44,9,4556
2025-04-29,586,11586,3871,23,660,35,13,4556
2025-04-30,630,11559,3863,22,712,48,24,4556
2025-05-01,509,11415,3860,22,577,40,26,4555
2025-05-02,436,11273,3847,21,505,47,17,4556
2025-05-03,362,11139,3825,23,428,39,11,4557
2025-05-04,319,11060,3794,22,345,38,10,4557
2025-05-05,420,10902,3796,23,475,37,11,4558
2025-05-06,414,10687,3783,25,481,56,6,4558
2025-05-07,421,10487,3786,24,469,55,9,4559
2025-05-08,465,10340,3777,22,517,40,34,4558
2025-05-09,438,10187,3750,21,492,37,30,4559
2025-05-10,426,10105,3729,18,503,39,13,4559
2025-05-11,354,10079,3733,19,390,31,33,4560
2025-05-12,457,10032,3753,18,503,45,16,4560
2025-05-13,458,9877,3742,19,527,39,32,4559
2025-05-14,464,9755,3741,18,517,45,13,4560
2025-05-15,412,9595,3712,17,459,43,12,4561
2025-05-16,459,9542,3701,16,502,53,10,4561
2025-05-17,410,9541,3704,19,489,69,13,4562
2025-05-18,299,9464,3690,18,337,29,10,4562
2025-05-19,368,9381,3694,18,408,28,15,4562
2025-05-20,498,9327,3693,19,548,34,12,4562
2025-05-21,447,9258,3680,21,502,45,14,4564
2025-05-22,538,9170,3646,19,614,53,11,4564
2025-05-23,477,9074,3648,20,526,34,11,4565
2025-05-24,418,9021,3639,22,484,27,15,4564
2025-05-25,327,8972,3634,23,379,40,6,4565
2025-05-26,386,8819,3609,24,439,46,11,4565
2025-05-27,452,8680,3595,28,507,38,9,4565
2025-05-28,452,8518,3586,30,508,24,13,4566
2025-05-29,449,8473,3551,25,514,33,11,4565
2025-05-30,416,8425,3534,25,488,40,4,4564
2025-05-31,353,8437,3522,26,423,43,9,4564
2025-06-01,364,8467,3509,26,405,37,9,4563
2025-06-02,457,8493,3487,27,510,35,15,4563
2025-06-03,497,8562,3485,29,612,44,16,4565
2025-06-04,427,8567,3453,28,530,46,10,4565
2025-06-05,405,8540,3420,29,456,41,11,4566
2025-06-06,401,8509,3389,28,430,47,9,4568
2025-06-07,371,8487,3385,27,412,31,8,4569
2025-06-08,306,8461,3387,26,363,44,20,4569
2025-06-09,388,8395,3361,26,431,37,13,4568
2025-06-10,398,8371,3345,26,453,38,8,4568
2025-06-11,442,8361,3330,28,504,46,11,4568
2025-06-12,443,8377,3324,30,523,37,9,4568
2025-06-13,407,8343,3311,29,468,49,39,4569
2025-06-14,377,8336,3298,28,436,49,20,4570
2025-06-15,293,8336,3289,29,360,22,11,4571
2025-06-16,373,8329,3298,29,416,26,18,4571
2025-06-17,414,8253,3290,32,469,30,11,4571
2025-06-18,380,8186,3286,33,422,58,8,4572
2025-06-19,377,8072,3279,28,443,43,17,4573
2025-06-20,355,8011,3270,26,379,36,9,4573
2025-06-21,350,7973,3261,27,388,53,18,4574
2025-06-22,285,7956,3248,26,332,37,5,4574
2025-06-23,361,7911,3240,26,413,38,19,4574
2025-06-24,517,8001,3283,23,590,39,51,4601
2025-06-25,402,7988,3278,23,477,47,15,4603
2025-06-26,423,7982,3297,25,583,34,77,4631
2025-06-27,682,8190,3332,26,828,137,94,4632
2025-06-28,500,8274,3365,26,633,62,37,4632
2025-06-29,376,8277,3377,26,444,62,20,4633
2025-06-30,525,8309,3405,25,633,81,57,4633
2025-07-01,741,8521,3448,24,891,90,64,4635
2025-07-02,700,8715,3492,25,852,79,52,4635
2025-07-03,631,8851,3524,27,789,69,42,4636
2025-07-04,507,8908,3524,28,649,68,51,4614
2025-07-05,462,8967,3537,29,519,38,24,4615
2025-07-06,438,9081,3535,27,492,51,25,4615
2025-07-07,534,9176,3537,29,600,29,25,4617
2025-07-08,502,9252,3557,27,568,37,33,4616
2025-07-09,469,9287,3545,31,531,31,33,4616
2025-07-10,465,9294,3525,30,527,36,34,4618
2025-07-11,505,9373,3527,29,556,46,31,4620
2025-07-12,409,9417,3543,30,451,42,19,4620
2025-07-13,391,9482,3558,30,437,25,11,4621
2025-07-14,383,9515,3558,37,498,40,15,4623
2025-07-15,561,9640,3558,37,647,62,22,4623
2025-07-16,552,9784,3558,40,641,44,10,4624
2025-07-17,571,9934,3577,42,649,23,16,4623
2025-07-18,537,10058,3585,43,586,44,7,4624
2025-07-19,449,10134,3586,44,505,35,9,4625
2025-07-20,359,10210,3595,45,392,37,7,4625
2025-07-21,515,10346,3597,45,557,31,13,4625
2025-07-22,548,10339,3555,43,621,33,10,4612
2025-07-23,450,10396,3554,43,492,40,14,4613
2025-07-24,460,10446,3558,41,531,55,15,4613
2025-07-25,496,10369,3521,40,555,39,15,4600
2025-07-26,409,10334,3484,36,451,33,16,4601
2025-07-27,322,10304,3465,37,374,20,11,4600
2025-07-28,447,10299,3437,35,514,28,21,4601
2025-07-29,468,10130,3396,34,514,40,17,4601
2025-07-30,461,9948,3358,33,515,40,17,4600
2025-07-31,445,9823,3317,33,555,40,10,4600
2025-08-01,439,9744,3281,29,482,19,8,4601
2025-08-02,378,9690,3238,28,422,40,13,4602
2025-08-03,347,9648,3245,28,377,19,23,4603
2025-08-04,378,9549,3234,28,405,41,24,4603
2025-08-05,454,9509,3202,28,482,31,22,4603
2025-08-06,462,9526,3205,26,510,52,20,4602
2025-08-07,644,9716,3225,26,712,43,66,4602
2025-08-08,721,9883,3245,26,933,172,153,4601
2025-08-09,756,10181,3257,34,934,68,103,4601
2025-08-10,606,10370,3278,37,705,74,87,4602
2025-08-11,1025,10939,3300,33,1195,78,110,4604
2025-08-12,849,11176,3306,34,1004,47,81,4607
2025-08-13,809,11388,3340,39,969,66,105,4610
2025-08-14,854,11609,3368,39,961,51,80,4615
2025-08-15,824,11837,3403,41,962,72,83,4620
2025-08-16,661,11994,3405,40,789,100,89,4623
2025-08-17,596,12168,3421,40,701,42,68,4624
2025-08-18,722,12305,3424,40,830,67,79,4627
2025-08-19,683,12389,3427,45,771,33,50,4627
2025-08-20,693,12573,3463,44,791,42,93,4628
2025-08-21,691,12753,3464,46,823,77,72,4633
2025-08-22,638,12839,3466,46,737,38,62,4634
2025-08-23,558,12965,3447,49,639,37,54,4636
2025-08-24,484,13115,3446,49,532,42,58,4636
2025-08-25,539,13179,3429,49,618,87,52,4636
2025-08-26,678,13329,3419,46,739,31,52,4636
2025-08-27,627,13462,3417,46,708,53,63,4637
2025-08-28,517,13529,3402,44,605,33,35,4638
2025-08-29,554,13633,3411,45,626,40,47,4639
2025-08-30,549,13764,3422,46,598,60,55,4638
2025-08-31,483,13854,3426,47,527,23,44,4638
2025-09-01,543,13971,3406,45,595,43,19,4638
2025-09-02,590,14096,3416,46,666,36,9,4638
2025-09-03,641,14213,3415,47,703,29,15,4638
2025-09-04,653,14216,3376,46,729,55,17,4638
2025-09-05,659,14214,3365,47,758,50,20,4637
2025-09-06,572,14098,3359,44,635,52,21,4639
2025-09-07,486,14009,3332,43,525,42,8,4640
2025-09-08,622,13716,3335,45,682,36,10,4640
2025-09-09,600,13547,3320,45,664,66,14,4638
2025-09-10,558,13525,3291,43,608,34,30,4639
2025-09-11,635,13249,3252,43,707,21,13,4639
2025-09-12,551,13087,3218,40,605,65,9,4640
2025-09-13,304,12797,3196,39,352,27,8,4640
2025-09-14,506,12775,3172,37,545,25,14,4639
2025-09-15,534,12667,3143,36,571,34,4,4638
2025-09-16,579,12618,3123,37,640,37,10,4637
2025-09-17,634,12626,3121,34,685,31,11,4637
2025-09-18,618,12592,3097,32,688,31,25,4638
2025-09-19,504,12542,3086,34,550,24,8,4636
2025-09-20,529,12528,3084,32,572,25,13,4638
2025-09-21,416,12491,3053,29,476,26,58,4638
2025-09-22,553,12557,3054,27,585,54,57,4638
2025-09-23,505,12458,3050,29,550,37,44,4638
2025-09-24,524,12417,3027,26,560,41,52,4637
2025-09-25,492,12410,3023,26,535,27,56,4637
2025-09-26,515,12418,3000,25,550,56,63,4637
2025-09-27,501,12401,2996,25,535,32,45,4639
2025-09-28,463,12418,2975,25,512,21,53,4639
2025-09-29,408,12332,2986,26,464,22,34,4638
2025-09-30,492,12281,2978,26,546,43,48,4639
2025-10-01,507,12204,2972,25,543,25,50,4640
2025-10-02,506,12099,2974,22,539,37,37,4640
2025-10-03,409,11906,2974,20,440,41,30,4642
2025-10-04,285,11667,2959,18,307,31,11,4643
2025-10-05,235,11456,2955,19,293,54,18,4643
2025-10-06,316,11173,2913,18,357,32,4,4643
2025-10-07,342,10933,2904,16,389,74,13,4644
2025-10-08,358,10730,2895,15,396,50,10,4644
2025-10-09,367,10515,2892,14,395,40,14,4645
2025-10-10,315,10292,2889,14,366,37,5,4646
2025-10-11,299,10306,2887,14,355,21,5,4646
2025-10-12,226,10052,2885,15,272,40,5,4647
2025-10-13,309,9842,2896,15,372,58,13,4647
2025-10-14,360,9621,2888,13,402,55,17,4648
2025-10-15,325,9324,2876,14,356,40,10,4650
2025-10-16,323,9024,2850,15,370,44,17,4650
2025-10-17,321,8844,2841,17,357,30,9,4651
2025-10-18,283,8597,2838,15,345,19,4,4650
2025-10-19,242,8416,2817,13,264,20,8,4650
2025-10-20,345,8193,2806,13,384,28,14,4650
2025-10-21,309,8010,2784,13,353,38,20,4650
2025-10-22,323,7818,2772,14,375,28,11,4650
2025-10-23,333,7653,2757,14,374,25,9,4650
2025-10-24,327,7467,2764,17,391,29,11,4650
2025-10-25,264,7228,2752,18,319,27,21,4650
2025-10-26,217,6989,2743,18,254,22,14,4651
2025-10-27,296,6889,2744,17,365,23,9,4651
2025-10-28,295,6698,2714,19,523,23,18,4652
2025-10-29,323,6542,2704,19,478,12,9,4652
2025-10-30,321,6358,2693,16,432,32,17,4654
2025-10-31,371,6275,2687,19,578,33,24,4657
2025-11-01,308,6275,2686,27,410,22,11,4658
2025-11-02,229,6258,2687,25,287,47,10,4661
2025-11-03,312,6252,2679,26,361,23,7,4662
2025-11-04,323,6229,2673,27,362,44,13,4662
2025-11-05,297,6168,2657,26,341,30,14,4661
2025-11-06,302,6131,2646,26,329,39,3,4661
2025-11-07,303,6112,2649,27,332,29,8,4661
2025-11-08,285,6082,2640,27,313,21,5,4662
2025-11-09,210,6065,2647,26,235,36,12,4661
2025-11-10,264,6039,2636,24,300,24,12,4662
2025-11-11,274,5987,2607,24,301,23,4,4664
2025-11-12,296,5966,2582,25,327,16,10,4665
2025-11-13,309,5980,2591,23,346,55,7,4665
2025-11-14,307,5976,2591,22,335,33,9,4667
2025-11-15,250,5969,2588,22,279,25,4,4667
2025-11-16,207,5919,2578,22,233,41,9,4667
2025-11-17,228,5815,2561,22,270,27,9,4667
2025-11-18,275,5793,2559,21,298,27,15,4668
2025-11-19,297,5781,2570,22,328,24,11,4668
2025-11-20,275,5743,2563,20,294,24,7,4669
2025-11-21,292,5721,2545,21,328,34,6,4669
2025-11-22,286,5755,2553,21,331,28,22,4670
2025-11-23,201,5733,2537,21,234,28,8,4671
2025-11-24,259,5720,2536,22,332,26,10,4672
2025-11-25,263,5709,2542,22,294,23,6,4671
2025-11-26,302,5691,2534,21,325,18,7,4672
2025-11-27,267,5658,2528,19,289,28,11,4670
2025-11-28,245,5582,2490,17,271,23,4,4670
2025-11-29,229,5507,2455,15,263,25,7,4671
2025-11-30,192,5488,2445,16,222,24,12,4672
2025-12-01,244,5455,2442,14,258,27,13,4671
2025-12-02,260,5420,2442,15,298,14,6,4673
2025-12-03,291,5418,2437,14,316,28,17,4675
2025-12-04,273,5397,2431,14,312,50,39,4676
2025-12-05,484,5597,2449,14,555,121,89,4679
2025-12-06,512,5822,2565,14,713,123,156,4689
2025-12-07,482,6063,2680,14,636,132,155,4696
2025-12-08,693,6396,2794,20,1020,90,153,4703
2025-12-09,609,6620,2900,21,848,84,96,4708
2025-12-10,578,6804,2959,25,765,63,108,4715
2025-12-11,681,7046,3022,29,885,57,51,4724
2025-12-12,553,7151,3068,31,718,68,58,4727
2025-12-13,548,7312,3115,33,678,47,54,4730
2025-12-14,461,7461,3153,37,573,70,31,4734
2025-12-15,519,7629,3198,39,640,65,28,4736
2025-12-16,531,7754,3234,45,653,64,36,4739
2025-12-17,529,7867,3246,46,647,71,24,4741
2025-12-18,509,7968,3267,47,593,36,25,4742
2025-12-19,546,8130,3308,51,646,44,9,4744
2025-12-20,1152,8910,3357,54,1540,34,18,4746
2025-12-21,1083,9626,3412,58,1473,36,23,4746
2025-12-22,1141,10305,3452,62,1536,23,14,4748
2025-12-23,1283,11092,3516,65,1726,36,13,4751
2025-12-24,1212,11740,3557,69,1624,58,31,4754
2025-12-25,1108,12304,3598,68,1439,21,21,4754
2025-12-26,1103,12849,3645,72,1537,38,31,4756
2025-12-27,1078,13394,3717,75,1492,30,20,4758
2025-12-28,1044,13895,3770,78,1475,32,16,4760
2025-12-29,1204,14444,3854,83,1610,36,78,4763
2025-12-30,1200,14963,3912,86,1649,55,149,4765
2025-12-31,1217,15410,3968,92,1701,26,109,4769
2026-01-01,1082,15815,4023,95,1492,33,135,4770
2026-01-02,1180,16109,4067,99,1615,45,119,4773
2026-01-03,1182,16380,4068,96,1608,46,121,4773
2026-01-04,1217,16735,4081,87,1641,60,128,4775
2026-01-05,2281,17934,4105,81,2979,139,200,4777
2026-01-06,1984,18744,4141,75,2638,107,192,4777
2026-01-07,2170,19697,4214,69,2757,85,198,4777
2026-01-08,2269,20602,4256,65,2865,94,159,4780
2026-01-09,1457,21248,4286,61,1709,125,96,4784
2026-01-10,1102,21634,4307,57,1296,59,71,4787
2026-01-11,1134,22097,4333,55,1279,89,64,4788
2026-01-12,1310,22785,4372,54,1517,82,62,4791
2026-01-13,1242,23338,4400,52,1436,82,73,4793
2026-01-14,1175,23808,4417,48,1371,62,70,4793
2026-01-15,1179,24289,4458,50,1353,64,60,4794
2026-01-16,907,24511,4516,51,1066,101,54,4795
2026-01-17,816,24410,4492,57,980,56,53,4795
2026-01-18,712,24249,4457,58,832,31,45,4798
2026-01-19,649,24084,4413,61,765,45,30,4798
2026-01-20,732,23897,4348,60,896,58,34,4799
2026-01-21,782,23772,4313,61,923,47,36,4800
2026-01-22,643,23540,4306,66,754,79,28,4801
2026-01-23,582,23210,4288,65,677,45,20,4802
2026-01-24,518,22873,4260,66,624,30,23,4804
2026-01-25,492,22537,4201,67,567,43,33,4807
2026-01-26,618,22283,4133,71,688,46,45,4807
2026-01-27,689,22054,4110,70,771,45,34,4810
2026-01-28,683,21742,4049,75,773,109,17,4810
2026-01-29,695,21485,3981,79,814,92,25,4810
2026-01-30,610,21114,3972,79,688,36,23,4812
2026-01-31,591,20708,3926,77,827,49,13,4816
2026-02-01,498,20199,3879,79,665,45,16,4817
2026-02-02,689,19200,3841,78,808,81,26,4817
2026-02-03,833,18456,3823,74,1040,69,43,4820
2026-02-04,744,17446,3767,72,898,110,44,4821
2026-02-05,747,16278,3715,65,864,35,35,4822
2026-02-06,704,15698,3678,64,814,39,17,4822
2026-02-07,575,15277,3681,65,647,35,12,4821
2026-02-08,494,14758,3648,66,539,36,16,4822
2026-02-09,867,14560,3620,66,987,82,38,4822
2026-02-10,799,14300,3607,63,942,46,42,4823
2026-02-11,724,13970,3587,61,849,93,30,4824
2026-02-12,715,13630,3555,58,830,53,17,4824
2026-02-13,610,13434,3528,53,728,42,28,4827
2026-02-14,571,13256,3536,50,646,42,16,4828
2026-02-15,521,13119,3530,49,582,43,15,4826
2026-02-16,632,13139,3553,51,703,65,19,4826
2026-02-17,632,13125,3573,49,706,40,26,4827
2026-02-18,546,12995,3584,48,608,69,28,4827
2026-02-19,561,12951,3546,45,606,30,22,4828
2026-02-20,523,12932,3535,46,585,51,26,4830
2026-02-21,494,12935,3511,45,548,26,31,4831
2026-02-22,513,12990,3494,43,547,35,19,4832
2026-02-23,659,13116,3505,45,733,29,29,4831
2026-02-24,601,13079,3507,46,659,37,47,4831
2026-02-25,518,12955,3545,46,601,55,52,4831
2026-02-26,473,12756,3565,45,539,41,31,4832
2026-02-27,428,12594,3553,42,497,37,17,4832
2026-02-28,346,12381,3547,39,402,37,38,4832
2026-03-01,337,12238,3554,41,407,38,19,4833
2026-03-02,453,12108,3553,40,536,32,21,4834
