Section,Heading,Content,CTA Link
Welcome,👋 Welcome to DirtySnatcha Records!,"Your go-to label for the heaviest dubstep, trap, and bass music. Stay tuned for the latest drops, exclusive merch, and everything DirtySnatcha!",
New Merch,🔥 New Merch Available Now!,"Fresh drops just hit our store! From limited edition hoodies to snapbacks and stickers, grab your gear before it’s gone!",[Shop the Collection](#)
Pre-Save Releases,🎶 Pre-Save Upcoming Releases,Be the first to listen! New music is on the way. Pre-save these hot releases now!,[Pre-Save Now](#)
Stream Our Catalog,🎧 Stream Our Current Catalog,Looking for more beats? Explore the latest DirtySnatcha Records tracks:,[Stream Now](#)
Submit Merch Ideas,🚀 Got Merch Ideas?,Help us design the next big thing! Have a suggestion for new products or accessories? We want to hear from you!,[Submit Your Ideas](#)
Follow Us,Follow Us,"Stay in the loop for exclusive content and updates:
Instagram: @DirtySnatchaRecords
Facebook: DirtySnatcha Records
Twitter: @DirtySnatcha
YouTube: DirtySnatcha Records Channel",
