Artist,Title,Version,Year,Duration,ISRC,Explicit,Release,Release Label,Release Date,Release Artist,UPC
DirtySnatcha,Fat Bluntz,,2018,3:06,QM42K1803115,,Fat Bluntz,DirtySnatcha,10/8/2018,DirtySnatcha,053000200048
DirtySnatcha,The Journey,,2018,2:59,QM42K1870275,,The Journey,DirtySnatcha,12/13/2018,DirtySnatcha,053000856832
DirtySnatcha,Losing Myself,,2018,3:17,QM42K1857339,,Losing Myself,DirtySnatcha,11/23/2018,DirtySnatcha,053000263975
DirtySnatcha,Fuck Face,,2018,2:40,QM42K1854706,,Fuck Face,DirtySnatcha Records,6/2/2018,DirtySnatcha,053000885030
DirtySnatcha,Higher,,2018,3:14,QM42K1880165,,Death & Destruction Vol. I,Dead Cell Audio,8/31/2018,Various Artists,053000722069
DirtySnatcha,IGDITB,,2018,2:45,QM42K1849049,,IGDITB,DirtySnatcha Records,7/15/2018,DirtySnatcha,053000244219
"DirtySnatcha, Renegvde",All Out VIP,,2018,3:14,QM42K1856457,,All Out VIP,DirtySnatcha Records,6/1/2018,"DirtySnatcha, Renegvde",053000263784
"DirtySnatcha, Renegvde",Move,,2018,3:39,QM42K1847914,,Move,DirtySnatcha Records,6/29/2018,"DirtySnatcha, Renegvde",053000854623
"DirtySnatcha, Herculez",Thin Air,,2018,4:39,QM42K1856648,,Thin Air,DirtySnatcha Promotions,2/10/2018,"DirtySnatcha, Herculez",053000156963
"DirtySnatcha, Elektrik Souls",Nu Fire,,2018,3:16,QM42K1895336,,Nu Fire,DirtySnatcha,6/9/2018,"DirtySnatcha, Elektrik Souls",053000830566
"DirtySnatcha, Bass System, Rico Act",Get Fucked,,2018,3:06,QM42K1831183,Explicit,Get Fucked,DirtySnatcha Records,8/21/2018,"DirtySnatcha, Bass System, Rico Act",053000183815
Dirtysnatcha,Westside Rolling (Krushendo Remix),,2019,4:27,QZHN91997294,,,,,,
DirtySnatcha,Not Letting Go,,2019,3:13,QM42K1941324,,Not Letting Go,DirtySnatcha,3/4/2019,DirtySnatcha,053000471370
DirtySnatcha,Rush,,2019,3:19,QM42K1815208,,Rush,DirtySnatcha,1/4/2019,DirtySnatcha,053000558170
DirtySnatcha,Tear Up,,2019,3:47,QM42K1908356,Explicit,Tear Up,DirtySnatcha,3/15/2019,DirtySnatcha,053000847052
"Lucii, Dirtysnatcha",I Need Your High,,2019,4:07,CA5KR1968502,,I Need Your High,Wakaan,11/22/2019,Dirtysnatcha ♦ Lucii,735119256054
"DirtySnatcha, Rico Act",Heavy Duty,,2019,3:51,QM42K1907604,,Heavy Duty,DirtySnatcha,2/15/2019,"DirtySnatcha, Rico Act",053000456247
Sparkee Live and DirtySnatcha,Hot Girl Riddim,,2019,4:08,QZHN71968576,,,,,,
DIRTYSNATCHA,DirtySnatcha - AK-47,,2020,1:22,QM42K1503104,,,,,,
DIRTYSNATCHA,Rusko - Woo Boost (DirtySnatcha Remix),,2020,3:01,QM42K1710741,,,,,,
DirtySnatcha,Head Bang,,2020,3:02,GBWUL2077085,,,,,,
DirtySnatcha,Lover,,2020,2:20,QZ5FN2068874,,,,,,
DirtySnatcha,Take You Higher,,2020,2:52,QZ5FN2063441,,Take You Higher,DSV Audio,8/24/2020,DirtySnatcha,195039601981
DirtySnatcha,Dance With Me,,2020,3:21,QZ5FN2096166,,,,,,
DIRTYSNATCHA,This Is What You Came For (DirtySnatcha Remix),,2020,3:41,QM42K1710738,,,,,,
DirtySnatcha,DIRTYSNATCHA - .45 (CHMST REMIX) [FREE DOWNLOAD] + YOUTUBE VIDEO,,2020,3:41,QM42K1602886,,,,,,
DIRTYSNATCHA,DirtySnatcha - SKRRR,,2020,3:28,QM42K1824431,,,,,,
DirtySnatcha,DirtySnatcha - Smoke Dat,,2020,2:42,QM42K1953240,,,,,,
DirtySnatcha,DirtySnatcha - Still That,,2020,2:46,QM42K1793718,,,,,,
DirtySnatcha,Still That,,2020,2:47,QM42K1724195,,,,,,
DirtySnatcha,Doodle Doo,,2020,3:05,GBWUL2071410,,,,,,
DIRTYSNATCHA,DIRTYSNATCHA - GOD DAMN (Free Download),,2020,3:05,QM42K1853983,,,,,,
DirtySnatcha,DIRTYSNATCHA - HOES (FREE DOWNLOAD),,2020,2:58,QM42K1607007,,,,,,
DirtySnatcha,DirtySnatcha - Swerve,,2020,2:58,QM42K1607924,,,,,,
DirtySnatcha,DirtySnatcha - Hustler,,2020,2:33,QM42K1810908,,,,,,
DirtySnatcha,DirtySnatcha - Pack Gats,,2020,2:34,QM42K1814378,,,,,,
Bommer & DirtySnatcha,DirtySnatcha & Bommer - Krew,,2020,3:00,QM42K1810725,,,,,,
DirtySnatcha Promotions,ZUZE - Exitium,,2020,2:10,QM42K2005198,,,,,,
DirtySnatcha Promotions,Batsy - Murder Capital (Free Download),,2020,3:20,QM42K1601939,,,,,,
Dirtysnatcha & Squnto,DirtySnatcha & Squnto - Hash,,2020,3:20,QM42K1601430,,,,,,
DirtySnatcha Records,Busta Grymez - Corrupt [Dubstep Collective Exclusive],,2020,3:45,QM42K1607010,,,,,,
DirtySnatcha Records,Evoid - Circles (Free Download),,2020,3:45,QM42K1609656,,,,,,
DirtySnatcha Records,12th Hour - Get This Money [AVAILABLE NOW],,2020,4:31,QM42K1604662,,,,,,
DirtySnatcha Records,Motus & Artix - Vegeta (Free Download),,2020,4:34,QM42K1609429,,,,,,
DirtySnatcha Records,Brikz - Grimey (Free Download),,2020,4:40,QM42K1609416,,,,,,
DirtySnatcha Records,Abstrukt & Chmst - Keep It Hood (Free Download),,2020,4:53,QM42K1609419,,,,,,
DirtySnatcha Records,WE KILLED HANNAH - SLEEPLESS (FREE DOWNLOAD),,2020,4:13,QM42K1703075,,,,,,
DirtySnatcha Records,Chmst - Riddim Of The Night (Free Download),,2020,4:25,QM42K1607852,,,,,,
DirtySnatcha Promotions,Paix X Aryaxz - Black Machine Gun (Free Download),,2020,4:06,QM42K1601943,,,,,,
DirtySnatcha Records,ASTRALONE - THE DARKSTALKER (FREE DOWNLOAD),,2020,4:59,QM42K1607887,,,,,,
DirtySnatcha Promotions,Styn & Deemed - Enemy Blockz (Nukez Remix),,2020,5:01,QM42K1841604,,,,,,
DirtySnatcha Records,Martz X Skenz X Psycho - Question (Free Download),,2020,5:08,QM42K1611740,,,,,,
DirtySnatcha Promotions,Markzman - Gotta Say (Free Download),,2020,5:32,QM42K1602696,,,,,,
DirtySnatcha Promotions,XaeboR - Sidehoe (Chewbaka Remix) (Free Download),,2020,3:27,QM42K1601944,,,,,,
DirtySnatcha Records,Katzu - War Dub (Free Download),,2020,3:53,QM42K1607758,,,,,,
DirtySnatcha Records,Pandemic - Slayer [Dubstep Collective Exclusive],,2020,3:13,QM42K1606385,,,,,,
DirtySnatcha Promotions,Notorious - Broken (Free Download),,2020,4:29,QM42K1504005,,,,,,
DirtySnatcha Promotions,Notorious Ft.MagMag - Embers (DSP EXCLUSIVE),,2020,4:34,QM42K1503879,,,,,,
DirtySnatcha Records,Zexion X Genso X Pharma - Saiyuki (Free Download),,2020,4:34,QM42K1611185,,,,,,
DirtySnatcha Records,Flix - Limiter (Free Download),,2020,4:34,QM42K1611725,,,,,,
DirtySnatcha Records,Calcium - Try Me (Free Download),,2020,3:25,QM42K1609657,,,,,,
DirtySnatcha Promotions,KΛL- EL & Ten Ply - Ogre,,2020,3:26,QM42K2073108,,,,,,
DirtySnatcha Records,Chewbaka - Evolve (Free Download),,2020,3:29,QM42K1610110,,,,,,
DirtySnatcha Records,Villain - Symmetry (Free Download),,2020,4:44,QM42K1607792,,,,,,
DirtySnatcha Promotions,FESTIVILLAINZ - POWER LEVEL (FREE DOWNLOAD),,2020,3:12,QM42K1607596,,,,,,
DirtySnatcha Records,Saunter - The Dragon (Free Download),,2020,3:16,QM42K1611732,,,,,,
"DirtySnatcha,Autokorekt",Need U,,2020,3:18,QZ5FN2012069,,,,,,
DirtySnatcha Promotions,Gh0sh x Villain x Unnatural Forces - Brain Rot (Free Download),,2020,6:41,QM42K1503996,,,,,,
DirtySnatcha Records,Batikz - Final Boss (Free Download),,2020,7:46,QM42K1611733,,,,,,
DirtySnatcha Records,Brikz & Griefer - Darkness (Free Download),,2020,4:37,QM42K1610346,,,,,,
DirtySnatcha Records,R2D2 X VALK X MADCORE - JUSTICE (FREE DOWNLOAD),,2020,3:46,QM42K1611720,,,,,,
DirtySnatcha Promotions,Ivory X Ganon - Fire (Free Download),,2020,3:11,QM42K1601927,,,,,,
DirtySnatcha Records,ORIGINAL ID - Attack On Egypt [Dubstep Collective Exclusive],,2020,3:03,QM42K1607011,,,,,,
DirtySnatcha Records,"ZAYAH B - HERE WE GO (20,000 FOLLOWERS EXCLUSIVE)",,2020,2:33,QM42K1607848,,,,,,
DirtySnatcha & Monxx,Damn Gurl,,2020,2:41,QM42K1784644,,,,,,
"Foreign Twiinz, DirtySnatcha",Love Is On Fire,,2020,3:02,CA5KR2019733,,Love Is On Fire,Electrostep Network,3/21/2020,"Foreign Twiinz, DirtySnatcha",053000062622
Mutant & DirtySnatcha Promotions,Mutant - Luigi Skank (DSP Exclusive),,2020,4:34,QM42K1783393,,,,,,
Metlad & DirtySnatcha Promotions,Metlad - Drop It Like Its Hench (DSP Exclusive),,2020,4:35,QM42K1712002,,,,,,
Wizkerz & DirtySnatcha Promotions,Wizkerz - Knockout (Free Download),,2020,4:48,QM42K1606369,,,,,,
DIRTYSNATCHA PROMOTIONS & CALCIUM,CALCIUM - VORTEX BASS (FREE DOWNLOAD),,2020,4:00,QM42K1848068,,,,,,
EMOXX & DirtySnatcha Promotions,Emoxx - You Have Been Warned (Free Download),,2020,4:00,QM42K1602295,,,,,,
Subtronics & DirtySnatcha Promotions,Subtronics - Nightmare,,2020,3:54,QM42K1601936,,,,,,
Murda & DirtySnatcha Promotions,MurDa - Dark Force (Exclusive),,2020,4:06,QM42K1601937,,,,,,
ApoK & DirtySnatcha Promotions,ApoK - Hive (Free Download),,2020,3:44,QM42K1601938,,,,,,
Chewbaka & DirtySnatcha Promotions,Chewbaka - Ascension (Free Download),,2020,3:29,QM42K1601960,,,,,,
"Riot Ten, DirtySnatcha",Bring It Back,,2020,2:47,USDM32024001,,Hype Or Die: Emergence,Dim Mak Records,6/12/2020,Riot Ten,810012534598
DirtySnatcha & Matt Doe,More Than This ft. Katie Sky,,2020,3:38,QZHCR2000101,,More Than This ft. Katie Sky,Subsidia,9/27/2020,DirtySnatcha & Matt Doe,810060811030
"DirtySnatcha,Matt Doe",Crashing,,2020,2:57,GBWUL2054729,,,,,,
DirtySnatcha Promotions & JG DUBZ,JG DUBZ - MINIMAL (FREE DOWNLOAD),,2020,5:46,QM42K1816237,,,,,,
Phex & Metlad & DirtySnatcha Promotions,Phex & Metlad - Cyclone Revised (DSP Exclusive),,2020,5:01,QM42K1767422,,,,,,
Hydrize & Thisink & DirtySnatcha Promotions,Thisink & Hydrize - Dissemble (Free Download) + YouTube Video!,,2020,5:05,QM42K1603992,,,,,,
Stefman & BlackRain & DirtySnatcha Promotions,BLACKRAIN X STEFMAN - MURDA FLOW (FREE DOWNLOAD),,2020,5:29,QM42K1606359,,,,,,
SUBKILL & DIRTYSNATCHA PROMOTIONS RELEASE,SUBKILL - R.A.D (FREE DOWNLOAD),,2020,3:05,QM42K1606003,,,,,,
He$h & DirtySnatcha Promotions,XaeboR - Sidehoe (HE$H Remix) (Free Download),,2020,3:53,QM42K1601933,,,,,,
Saunter & Fayte & DirtySnatcha Promotions,Saunter X Fayte - Lucio (Free Download),,2020,3:12,QM42K1607123,,,,,,
Elohim. DirtySnatcha Promotions & MurDa,MurDa - Gunned Down (Elohim Remix) + YouTube Video!,,2020,4:06,QM42K1602631,,,,,,
BUSTA GRYMEZ & dirtysnatcha promotions,Busta Grymez - Bounce (Free Download),,2020,4:07,QM42K1606549,,,,,,
Boss Mode & DirtySnatcha Promotions,Boss Mode - Everywhere (DSP Exclusive),,2020,4:27,QM42K1736950,,,,,,
Acaustik & DirtySnatcha Promotions & Phaaze,Phaaze X Acaustik - Havoc (DirtySnatcha Promotions X Riddim Network X Shadow Phoenix Network),,2020,3:49,QM42K1603206,,,,,,
FINDERZ KEEPERZ & DirtySnatcha Promotions,FINDERZ KEEPERZ - MOVE (DSP EXCLUSIVE),,2020,3:56,QM42K1819103,,,,,,
Bommer & Bonzi & DirtySnatcha Promotions,Bommer & Bonzi - Bombs Eye (DSP Exclusive),,2020,5:03,QM42K1843402,,,,,,
DirtySnatcha Promotions & Walter Wilde,Walter Wilde - What U Need (Exclusive),,2020,3:19,QM42K1602642,,,,,,
Mr Yukk & DirtySnatcha Promotions,Mr Yukk - Flex (DSP Exclusive),,2020,3:58,QM42K1758193,,,,,,
ARTIX X METLAD & DirtySnatcha Promotions,ARTIX X METLAD - MACHINE FLOW (DSP EXCLUSIVE),,2020,3:39,QM42K1878363,,,,,,
Bueg & Heavy Kill & DirtySnatcha Promotions,Heavy Kill & Bueg - 16 Bits (Free Download),,2020,4:13,QM42K1871396,,,,,,
DirtySnatcha Promotions & Walter Wilde & Konka,Walter Wilde & Konka - Watch Me (Free Download),,2020,5:12,QM42K1604356,,,,,,
DirtySnatcha Promotions & BOSS MODE & TANTRUM,BOSS MODE & TANTRUM - SUDDEN DEATH (DSP EXCLUSIVE),,2020,3:37,QM42K1814733,,,,,,
DirtySnatcha Promotions & CEDRIC SWAN X STATIC CORONA,CEDRIC SWAN X STATIC CORONA - WANKER (FREE DOWNLOAD),,2020,3:51,QM42K1810006,,,,,,
Zetta & DitySnatcha Promotions & Obscenity,Obscenity X Zetta - Reign Of Terror (Free Download) + YouTube Video!,,2020,3:54,QM42K1603396,,,,,,
DirtySnatcha,Take Me Up,,2021,2:52,USLZJ2122517,Explicit,"Snatched, Vol. 2",DirtySnatcha,4/16/2021,DirtySnatcha,192650590793
DirtySnatcha,Tonight,,2021,2:58,GBRKQ2121249,,Tonight,DirtySnatcha,6/28/2021,DirtySnatcha,193872637501
DirtySnatcha,Spaceship,Original Mix,2021,3:18,QZHCR2100041,,Spaceship,Subsidia,3/3/2021,DirtySnatcha,810060812310
DirtySnatcha,Cosmic Sounds,,2021,2:36,USLZJ2122502,,"Snatched, Vol. 2",DirtySnatcha,4/16/2021,DirtySnatcha,192650590793
DirtySnatcha,Can You Feel,,2021,2:48,USLZJ2122505,,"Snatched, Vol. 2",DirtySnatcha,4/16/2021,DirtySnatcha,192650590793
DirtySnatcha,I'm a Savage,,2021,3:20,USLZJ2122508,,"Snatched, Vol. 2",DirtySnatcha,4/16/2021,DirtySnatcha,192650590793
"DirtySnatcha, Autokorekt, Dobadlyy",Need U,Dobadlyy Remix,2021,4:00,QZ5FN2114150,,Need U,DirtySnatcha Records,1/8/2021,"DirtySnatcha, Autokorekt",191079832910
"DirtySnatcha, Katie Sky",Found Myself,,2021,3:50,QZ5FN2132637,,Found Myself,DirtySnatcha,2/5/2021,"DirtySnatcha, Katie Sky",192650014657
"DirtySnatcha, Chase, the Dream","Alien Shit (feat. Chase, the Dream)",,2021,2:45,USLZJ2122495,Explicit,"Snatched, Vol. 2",DirtySnatcha,4/16/2021,DirtySnatcha,192650590793
DirtySnatcha,Keep Moving,,2022,3:12,QZTRX2132962,,Keep Moving,DirtySnatcha,1/7/2022,DirtySnatcha,195729251588
DirtySnatcha,Hold On,,2022,3:19,QZS632217241,,A Nightmare on Wub Street Vol. 03,Wubaholics,10/26/2022,Various Artists,725336846428
DirtySnatcha,Hold On,,2022,3:19,QZS632217241,,A Nightmare on Wub Street Vol. 03,Wubaholics,10/26/2022,Various Artists,732138161376
DirtySnatcha,Hold On,,2022,3:19,QZS632217241,,Hold On,Wubaholics,10/12/2022,DirtySnatcha,734167246314
Carbin & Dirtysnatcha,Supersonic VIP,,2022,2:26,QZTB72282222,,,,,,
Carbin & DirtySnatcha,All I Need,,2022,3:34,QZFZ32230991,,,,,,
Carbin & DirtySnatcha,Get Blown,,2022,3:41,QZNWY2236704,,,,,,
Carbin & DirtySnatcha,Baby,,2022,3:42,QZFZ32232379,,,,,,
Carbin & DirtySnatcha,Style,,2022,3:25,QZFZ32229626,,,,,,
Carbin & DirtySnatcha,Supersonic,,2022,3:28,QZFZ32230269,,,,,,
"DirtySnatcha, Urbanstep",Lover,Urbanstep Remix,2022,2:01,USLZJ2286477,,Lover,DirtySnatcha,5/27/2022,DirtySnatcha,195729728417
"DirtySnatcha, Point.Blank",Move Back,,2022,2:35,QZ5FN2200966,Explicit,Move Back,DirtySnatcha,1/30/2022,"DirtySnatcha, Point.Blank",195729258655
"DirtySnatcha, Autokorekt, Ennaut",Need U,Ennaut Remix,2022,3:58,QZWDD2263341,,Need U,DirtySnatcha Records,11/18/2022,"DirtySnatcha, Autokorekt",197077787894
"DirtySnatcha, In Orbit Dubz",Old School,,2022,3:39,GBRKQ2277569,,Old School,DirtySnatcha,7/22/2022,"DirtySnatcha, In Orbit Dubz",195729992320
"DirtySnatcha, Aelius, Voyager, Wilco Beats",Keep Moving,"Aelius, Voyager, Wilco Beats Remix",2022,3:42,QZWDD2263373,,Keep Moving,DirtySnatcha Records,12/2/2022,DirtySnatcha,197077787924
DirtySnatcha,Rollercoaster,,2023,3:15,QM42K1813217,,Rollercoaster,DirtySnatcha,10/15/2018,DirtySnatcha,053000532040
DirtySnatcha,Rollercoaster,,2023,3:15,QM42K1813217,,Rollercoaster,DirtySnatcha,12/14/2023,DirtySnatcha,735910157727
DirtySnatcha,K.O.,,2023,3:18,GBRKQ2322533,,K.O.,DirtySnatcha,4/7/2023,DirtySnatcha,197368694979
DirtySnatcha,Spacecraft,,2023,3:18,GBRKQ2382127,,Spacecraft,DirtySnatcha,4/28/2023,DirtySnatcha,197368871578
DirtySnatcha,Dimension,,2023,3:54,QZ5FN2311244,,Dimension,MorFlo Records,1/13/2023,DirtySnatcha,197368097619
DirtySnatcha,Crazy,Original,2023,3:12,GBUM92300128,,Crazy,Circus,8/8/2023,DirtySnatcha,5060963262193
"TVBOO,DirtySnatcha",Waiting Room,,2023,3:39,GBWUL2315286,Explicit,,,,,
"Ahee, DirtySnatcha",Space Adventure,,2023,3:32,USLZJ2370220,,Space Adventure,MorFlo Records,3/24/2023,"Ahee, DirtySnatcha",197368532349
DirtySnatcha,It Ain't Over,,,3:07,GBWUL2041081,,It Ain't Over,DirtySnatcha,3/13/2020,DirtySnatcha,195039240326
DirtySnatcha,Head Drop,,,3:37,GBWUL1922930,,Head Drop,DirtySnatcha,11/15/2019,DirtySnatcha,193872822686
DirtySnatcha,Free,,,3:53,QZ5FN1992011,,Free,DirtySnatcha,4/26/2019,DirtySnatcha,193872301358
DirtySnatcha,Shake The Block,,,3:39,USLZJ1922758,,Snatched,DirtySnatcha,6/14/2019,Various Artists,193872393520
DirtySnatcha,Step Aside,,,2:45,USLZJ1922798,,Snatched,DirtySnatcha,6/14/2019,Various Artists,193872393520
DirtySnatcha,Westside Rollin,,,3:25,USLZJ1922760,,Snatched,DirtySnatcha,6/14/2019,Various Artists,193872393520
DirtySnatcha,Falling,,,3:37,USLZJ1989291,,Falling,DirtySnatcha,9/27/2019,DirtySnatcha,193872635705
DirtySnatcha,Set Me Free,,,4:30,USLZJ1903529,,Set Me Free,DirtySnatcha,5/10/2019,DirtySnatcha,193872334455
"DirtySnatcha, Felmax",Hit You,,,3:20,USLZJ1948437,,Hit You,DSV Audio,7/22/2019,DirtySnatcha ♦ Felmax,193872478470
"DirtySnatcha, Creation",Break That,,,3:12,USLZJ1922762,,Snatched,DirtySnatcha,6/14/2019,Various Artists,193872393520
"DirtySnatcha, Mvrkk",Wasted,,,3:51,QZ5FN1978630,,Wasted,DirtySnatcha,4/4/2019,DirtySnatcha ♦ Mvrkk,193872258041
"DirtySnatcha, Subject 31",Blazin,,,2:52,USLZJ1922763,,Snatched,DirtySnatcha,6/14/2019,Various Artists,193872393520
"DirtySnatcha, Kris Cayden",Come Get Some,,,4:04,USLZJ1922778,,Snatched,DirtySnatcha,6/14/2019,Various Artists,193872393520
Dirty Audio & DirtySnatcha,UFO,,,,CA5KR2383378,,UFO,Disciple Round Table,,Dirty Audio & DirtySnatcha,723277061627
DirtySnatcha remixed by CHRMNDRS,Westside Rollin,,,2:52,GBWUL1920889,,Westside Rollin,DirtySnatcha Records,11/15/2019,CHRMNDRS,193872807966
