PRIMARY TITLE *,MLC SONG CODE,MEMBERS SONG ID,ISWC          ,AKA TITLE †,AKA TITLE TYPE CODE †,WRITER LAST NAME *,WRITER FIRST NAME ,WRITER IPI NUMBER,WRITER ROLE CODE *,MLC PUBLISHER NUMBER,PUBLISHER NAME *,PUBLISHER IPI NUMBER *,ADMINISTRATOR MLC PUBLISHER NUMBER,ADMINISTRATOR NAME †,COLLECTION SHARE *,RECORDING TITLE †,RECORDING ARTIST NAME †,RECORDING ISRC,RECORDING LABEL
5 0,,DSR-055,T3276134175,,,Bray,Leigh,01017500116,CA,,DirtySnatcha Records Publishing,1238282844,,,100,5 0,DirtySnatcha,,DirtySnatcha
AK-47,,DSR-001,,,,Bray,Leigh,01017500116,CA,,DirtySnatcha Records Publishing,1238282844,,,100,AK-47,DirtySnatcha,QM42K1503104,DirtySnatcha
Alien Shit,,DSR-002,,,,Bray,Leigh,01017500116,CA,,DirtySnatcha Records Publishing,1238282844,,,50,Alien Shit,DirtySnatcha,USLZJ2122495,DirtySnatcha
All Out VIP,,DSR-003,,,,Bray,Leigh,01017500116,CA,,DirtySnatcha Records Publishing,1238282844,,,50,All Out VIP,DirtySnatcha,QM42K1856457,DirtySnatcha Records
Bass Slap,,DSR-056,T3253356462,,,Bray,Leigh,01017500116,CA,,DirtySnatcha Records Publishing,1238282844,,,50,Bass Slap,DirtySnatcha,,DirtySnatcha
Blazin,,DSR-057,,,,Bray,Leigh,01017500116,CA,,DirtySnatcha Records Publishing,1238282844,,,50,Blazin,DirtySnatcha,USLZJ1922763,DirtySnatcha
Blunts On Em,,DSR-058,T3276045564,,,Bray,Leigh,01017500116,CA,,DirtySnatcha Records Publishing,1238282844,,,100,Blunts On Em,DirtySnatcha,,DirtySnatcha
Break That,,DSR-059,,,,Bray,Leigh,01017500116,CA,,DirtySnatcha Records Publishing,1238282844,,,50,Break That,DirtySnatcha,USLZJ1922762,DirtySnatcha
Bring It Back,,DSR-004,,,,Bray,Leigh,01017500116,CA,,DirtySnatcha Records Publishing,1238282844,,,50,Bring It Back,DirtySnatcha,USDM32024001,Dim Mak
Can You Feel,,DSR-005,,,,Bray,Leigh,01017500116,CA,,DirtySnatcha Records Publishing,1238282844,,,100,Can You Feel,DirtySnatcha,USLZJ2122505,DirtySnatcha
Come Get Some,,DSR-060,,,,Bray,Leigh,01017500116,CA,,DirtySnatcha Records Publishing,1238282844,,,50,Come Get Some,DirtySnatcha,USLZJ1922778,DirtySnatcha
Cosmic Sounds,,DSR-006,,,,Bray,Leigh,01017500116,CA,,DirtySnatcha Records Publishing,1238282844,,,100,Cosmic Sounds,DirtySnatcha,USLZJ2122502,DirtySnatcha
Crashing,,DSR-007,,,,Bray,Leigh,01017500116,CA,,DirtySnatcha Records Publishing,1238282844,,,50,Crashing,DirtySnatcha,GBWUL2054729,DirtySnatcha
Cruisin,,DSR-061,T3303169399,,,Bray,Leigh,01017500116,CA,,LAB10 Publishing,1262829440,,,100,Cruisin,DirtySnatcha,,DirtySnatcha
Damn GURL,,DSR-008,,,,Bray,Leigh,01017500116,CA,,DirtySnatcha Records Publishing,1238282844,,,50,Damn GURL,DirtySnatcha,QM42K1784644,DirtySnatcha
Dance With Me,,DSR-009,,,,Bray,Leigh,01017500116,CA,,DirtySnatcha Records Publishing,1238282844,,,100,Dance With Me,DirtySnatcha,QZ5FN2096166,DirtySnatcha
Doodle Doo,,DSR-010,,,,Bray,Leigh,01017500116,CA,,DirtySnatcha Records Publishing,1238282844,,,100,Doodle Doo,DirtySnatcha,GBWUL2071410,DirtySnatcha
Falling,,DSR-062,,,,Bray,Leigh,01017500116,CA,,DirtySnatcha Records Publishing,1238282844,,,100,Falling,DirtySnatcha,USLZJ1989291,DirtySnatcha
Fat Bluntz,,DSR-011,,,,Bray,Leigh,01017500116,CA,,DirtySnatcha Records Publishing,1238282844,,,100,Fat Bluntz,DirtySnatcha,,DirtySnatcha
Found Myself,,DSR-012,,,,Bray,Leigh,01017500116,CA,,DirtySnatcha Records Publishing,1238282844,,,100,Found Myself,DirtySnatcha,QZ5FN2132637,DirtySnatcha
Free,,DSR-063,,,,Bray,Leigh,01017500116,CA,,DirtySnatcha Records Publishing,1238282844,,,100,Free,DirtySnatcha,QZ5FN1992011,DirtySnatcha
Fuck Face,,DSR-013,,,,Bray,Leigh,01017500116,CA,,DirtySnatcha Records Publishing,1238282844,,,100,Fuck Face,DirtySnatcha,QM42K1854706,DirtySnatcha Records
Get Fucked,,DSR-014,,,,Bray,Leigh,01017500116,CA,,DirtySnatcha Records Publishing,1238282844,,,33.34,Get Fucked,DirtySnatcha,QM42K1831183,DirtySnatcha Records
God Damn,,DSR-015,,,,Bray,Leigh,01017500116,CA,,DirtySnatcha Records Publishing,1238282844,,,100,God Damn,DirtySnatcha,QM42K1853983,DirtySnatcha
Good Vibez,,DSR-064,T3303169708,,,Bray,Leigh,01017500116,CA,,LAB10 Publishing,1262829440,,,100,Good Vibez,DirtySnatcha,,DirtySnatcha
Hash,,DSR-016,,,,Bray,Leigh,01017500116,CA,,DirtySnatcha Records Publishing,1238282844,,,50,Hash,DirtySnatcha,QM42K1601430,DirtySnatcha
Head Bang,,DSR-017,,,,Bray,Leigh,01017500116,CA,,DirtySnatcha Records Publishing,1238282844,,,100,Head Bang,DirtySnatcha,GBWUL2077085,DirtySnatcha
Head Drop,,DSR-065,T9313709205,,,Bray,Leigh,01017500116,CA,,DirtySnatcha Records Publishing,1238282844,,,100,Head Drop,DirtySnatcha,GBWUL1922930,DirtySnatcha
Heavy Duty,,DSR-018,,,,Bray,Leigh,01017500116,CA,,DirtySnatcha Records Publishing,1238282844,,,100,Heavy Duty,DirtySnatcha,QM42K1907604,DirtySnatcha
Higher,,DSR-019,,,,Bray,Leigh,01017500116,CA,,DirtySnatcha Records Publishing,1238282844,,,100,Higher,DirtySnatcha,QM42K1880165,Dead Cell Audio
Hoes,,DSR-020,,,,Bray,Leigh,01017500116,CA,,DirtySnatcha Records Publishing,1238282844,,,100,Hoes,DirtySnatcha,QM42K1607007,DirtySnatcha
Hold On,,DSR-021,,,,Bray,Leigh,01017500116,CA,,DirtySnatcha Records Publishing,1238282844,,,50,Hold On,DirtySnatcha,,Wubaholics
Home,,DSR-066,,,,Bray,Leigh,01017500116,CA,,DirtySnatcha Records Publishing,1238282844,,,100,Home,DirtySnatcha,QZTV32416252,DirtySnatcha
Hot Girl Riddimm,,DSR-022,,,,Bray,Leigh,01017500116,CA,,DirtySnatcha Records Publishing,1238282844,,,100,Hot Girl Riddimm,DirtySnatcha,QZHN71968576,DirtySnatcha
Hustler,,DSR-023,,,,Bray,Leigh,01017500116,CA,,DirtySnatcha Records Publishing,1238282844,,,100,Hustler,DirtySnatcha,QM42K1810908,DirtySnatcha
I'm a Savage,,DSR-025,,,,Bray,Leigh,01017500116,CA,,DirtySnatcha Records Publishing,1238282844,,,100,I'm a Savage,DirtySnatcha,USLZJ2122508,DirtySnatcha
IGDITB,,DSR-026,,,,Bray,Leigh,01017500116,CA,,DirtySnatcha Records Publishing,1238282844,,,100,IGDITB,DirtySnatcha,QM42K1849049,DirtySnatcha Records
It Ain't Over,,DSR-067,,,,Bray,Leigh,01017500116,CA,,DirtySnatcha Records Publishing,1238282844,,,100,It Ain't Over,DirtySnatcha,GBWUL2041081,DirtySnatcha
K.O.,,DSR-068,T3245484140,,,Bray,Leigh,01017500116,CA,,DirtySnatcha Records Publishing,1238282844,,,100,K.O.,DirtySnatcha,GBRKQ2322533,DirtySnatcha
Keep Moving,,DSR-027,,,,Bray,Leigh,01017500116,CA,,DirtySnatcha Records Publishing,1238282844,,,100,Keep Moving,DirtySnatcha,QZTRX2132962,DirtySnatcha
Krew,,DSR-028,,,,Bray,Leigh,01017500116,CA,,DirtySnatcha Records Publishing,1238282844,,,50,Krew,DirtySnatcha,QM42K1810725,DirtySnatcha
Losing Myself,,DSR-029,,,,Bray,Leigh,01017500116,CA,,DirtySnatcha Records Publishing,1238282844,,,100,Losing Myself,DirtySnatcha,,DirtySnatcha
Love Is On Fire,,DSR-030,,,,Bray,Leigh,01017500116,CA,,DirtySnatcha Records Publishing,1238282844,,,50,Love Is On Fire,DirtySnatcha,CA5KR2019733,ElectroStep Network
Lover,,DSR-031,,,,Bray,Leigh,01017500116,CA,,DirtySnatcha Records Publishing,1238282844,,,100,Lover,DirtySnatcha,QZ5FN2068874,DirtySnatcha
Lover (Urbanstep Remix),,DSR-069,,,,Bray,Leigh,01017500116,CA,,DirtySnatcha Records Publishing,1238282844,,,50,Lover (Urbanstep Remix),DirtySnatcha,USLZJ2286477,DirtySnatcha
More Than This,,DSR-032,,,,Bray,Leigh,01017500116,CA,,DirtySnatcha Records Publishing,1238282844,,,33.34,More Than This,DirtySnatcha,QZHCR2000101,Subsidia
Move,,DSR-033,,,,Bray,Leigh,01017500116,CA,,DirtySnatcha Records Publishing,1238282844,,,50,Move,DirtySnatcha,QM42K1847914,DirtySnatcha Records
Move Back,,DSR-070,,,,Bray,Leigh,01017500116,CA,,DirtySnatcha Records Publishing,1238282844,,,50,Move Back,DirtySnatcha,QZ5FN2200966,DirtySnatcha
Need U,,DSR-034,,,,Bray,Leigh,01017500116,CA,,DirtySnatcha Records Publishing,1238282844,,,50,Need U,DirtySnatcha,QZ5FN2012069,DirtySnatcha
Need U (Dobadly Remix),,DSR-035,,,,Bray,Leigh,01017500116,CA,,DirtySnatcha Records Publishing,1238282844,,,16.67,Need U (Dobadly Remix),DirtySnatcha,QZWDD2263341,DirtySnatcha Records
Not Letting Go,,DSR-036,,,,Bray,Leigh,01017500116,CA,,DirtySnatcha Records Publishing,1238282844,,,100,Not Letting Go,DirtySnatcha,QM42K1941324,DirtySnatcha
Nu Fire,,DSR-037,,,,Bray,Leigh,01017500116,CA,,DirtySnatcha Records Publishing,1238282844,,,50,Nu Fire,DirtySnatcha,QM42K1895336,DirtySnatcha
Old School,,DSR-038,,,,Bray,Leigh,01017500116,CA,,DirtySnatcha Records Publishing,1238282844,,,50,Old School,DirtySnatcha,GBRKQ2277569,DirtySnatcha
Pack Gats,,DSR-039,,,,Bray,Leigh,01017500116,CA,,DirtySnatcha Records Publishing,1238282844,,,100,Pack Gats,DirtySnatcha,QM42K1601430,DirtySnatcha
Pimpin,,DSR-071,T3303256062,,,Bray,Leigh,01017500116,CA,,LAB10 Publishing,1262829440,,,100,Pimpin,DirtySnatcha,,DirtySnatcha
Price Wasted,,DSR-040,,,,Bray,Leigh,01017500116,CA,,DirtySnatcha Records Publishing,1238282844,,,50,Price Wasted,DirtySnatcha,QZ5FN1978630,DirtySnatcha
Rollercoaster,,DSR-072,T3252386639,,,Bray,Leigh,01017500116,CA,,DirtySnatcha Records Publishing,1238282844,,,100,Rollercoaster,DirtySnatcha,,DirtySnatcha
Run It Up,,DSR-073,T3303169504,,,Bray,Leigh,01017500116,CA,,LAB10 Publishing,1262829440,,,100,Run It Up,DirtySnatcha,,DirtySnatcha
Rush,,DSR-041,,,,Bray,Leigh,01017500116,CA,,DirtySnatcha Records Publishing,1238282844,,,100,Rush,DirtySnatcha,QM42K1815208,DirtySnatcha
Set Me Free,,DSR-074,,,,Bray,Leigh,01017500116,CA,,DirtySnatcha Records Publishing,1238282844,,,100,Set Me Free,DirtySnatcha,USLZJ1903529,DirtySnatcha
Shake The Block,,DSR-075,,,,Bray,Leigh,01017500116,CA,,DirtySnatcha Records Publishing,1238282844,,,100,Shake The Block,DirtySnatcha,USLZJ1922758,DirtySnatcha
Shatter,,DSR-076,T3303256197,,,Bray,Leigh,01017500116,CA,,LAB10 Publishing,1262829440,,,100,Shatter,DirtySnatcha,,DirtySnatcha
She Bangs Like a Fairy on Acid,,DSR-077,,,,Bray,Leigh,01017500116,CA,,DirtySnatcha Records Publishing,1238282844,,,50,She Bangs Like a Fairy on Acid,DirtySnatcha,QZZ8A2432901,DirtySnatcha
SKRRR,,DSR-042,,,,Bray,Leigh,01017500116,CA,,DirtySnatcha Records Publishing,1238282844,,,100,SKRRR,DirtySnatcha,QM42K1824431,DirtySnatcha
Smoke Dat,,DSR-043,,,,Bray,Leigh,01017500116,CA,,DirtySnatcha Records Publishing,1238282844,,,100,Smoke Dat,DirtySnatcha,QM42K1953240,DirtySnatcha
Spacecraft,,DSR-078,T3245483896,,,Bray,Leigh,01017500116,CA,,DirtySnatcha Records Publishing,1238282844,,,100,Spacecraft,DirtySnatcha,GBRKQ2382127,DirtySnatcha
Spaceship,,DSR-044,,,,Bray,Leigh,01017500116,CA,,DirtySnatcha Records Publishing,1238282844,,,100,Spaceship,DirtySnatcha,QZHCR2100041,Subsidia
Step Aside,,DSR-079,,,,Bray,Leigh,01017500116,CA,,DirtySnatcha Records Publishing,1238282844,,,100,Step Aside,DirtySnatcha,USLZJ1922798,DirtySnatcha
Still That,,DSR-045,,,,Bray,Leigh,01017500116,CA,,DirtySnatcha Records Publishing,1238282844,,,100,Still That,DirtySnatcha,QM42K1793718,DirtySnatcha
Style,,DSR-080,T3090728993,,,Bray,Leigh,01017500116,CA,,DirtySnatcha Records Publishing,1238282844,,,50,Style,DirtySnatcha,,DirtySnatcha
SuperSonic VIP,,DSR-046,,,,Bray,Leigh,01017500116,CA,,DirtySnatcha Records Publishing,1238282844,,,50,SuperSonic VIP,DirtySnatcha,,DirtySnatcha
Swerve,,DSR-047,,,,Bray,Leigh,01017500116,CA,,DirtySnatcha Records Publishing,1238282844,,,100,Swerve,DirtySnatcha,QM42K1607924,DirtySnatcha
Take Me Up,,DSR-048,,,,Bray,Leigh,01017500116,CA,,DirtySnatcha Records Publishing,1238282844,,,100,Take Me Up,DirtySnatcha,USLZJ2122517,DirtySnatcha
Take You Higher,,DSR-049,,,,Bray,Leigh,01017500116,CA,,DirtySnatcha Records Publishing,1238282844,,,100,Take You Higher,DirtySnatcha,QZ5FN2063441,DSV Audio
Tear Up,,DSR-050,,,,Bray,Leigh,01017500116,CA,,DirtySnatcha Records Publishing,1238282844,,,100,Tear Up,DirtySnatcha,QM42K1908356,DirtySnatcha
The Journey,,DSR-051,,,,Bray,Leigh,01017500116,CA,,DirtySnatcha Records Publishing,1238282844,,,100,The Journey,DirtySnatcha,,DirtySnatcha
Thin Air,,DSR-052,,,,Bray,Leigh,01017500116,CA,,DirtySnatcha Records Publishing,1238282844,,,33.34,Thin Air,DirtySnatcha,QM42K1856648,DirtySnatcha Promotions
Tonight,,DSR-053,T3245484071,,,Bray,Leigh,01017500116,CA,,DirtySnatcha Records Publishing,1238282844,,,100,Tonight,DirtySnatcha,GBRKQ2121249,DirtySnatcha
Vibrate,,DSR-081,T3303255763,,,Bray,Leigh,01017500116,CA,,LAB10 Publishing,1262829440,,,100,Vibrate,DirtySnatcha,,DirtySnatcha
Voices,,DSR-082,T3303169560,,,Bray,Leigh,01017500116,CA,,LAB10 Publishing,1262829440,,,100,Voices,DirtySnatcha,,DirtySnatcha
Westside Rollin,,DSR-054,,,,Bray,Leigh,01017500116,CA,,DirtySnatcha Records Publishing,1238282844,,,100,Westside Rollin,DirtySnatcha,USLZJ1922760,DirtySnatcha
