Release Date,Catalog #,UPC,ISRC,Product Title,Track,Track Title,Artist(s),Display Artist,Publlishers,Writers / Composers,Producers,Label,Parent Label,Spotify Link,Apple Music Link,Genre(s),Audio Language,Price Tier,Original Release Date,Exclusive,Pre-order Date,C Line,P Line,Compilation,Primary Metadata Language,Payment Splits,Explicit Lyrics,Lyrics,Column 11,Column 12,Column 13
11/11/2022,DSR0076A,198342502129,QZWDD2238845,Assertion,1,Assertion,Aalioura,Aalioura,DirtySnatcha Records Publishing (ASCAP),Writer / Composer - Jumana Khdour,,DirtySnatcha Records,EDM Spotlight,,,Electronic > Dubstep,English,$0.70 ($0.99 SLRP) - T2,,,,,,,English,,,,,,
12/4/2020,DSR0030A,198342479100,GBRKQ2026555,Kinda Sus,1,Kinda Sus,Akronym,Akronym,DirtySnatcha Records Publishing (ASCAP),Joseph Torres,Joseph Torres,DirtySnatcha Records,EDM Spotlight,,,Electronic > Dubstep,English,$0.70 ($0.99 SLRP) - T2,,,,,,,English,,,,,,
7/6/2022,DSR0070A,198342504093,GBRKQ2274076,Ground N' Pound,1,Ground N' Pound,"Akronym, FIGMVNT","Akronym, FIGMVNT",DirtySnatcha Records Publishing (ASCAP),"Writer / Composer - Joseph Ely Torres, Christopher May",,DirtySnatcha Records,EDM Spotlight,,,Electronic > Dubstep,English,$0.70 ($0.99 SLRP) - T2,,,,,,,English,,,,,,
9/12/2023,DSR0101A,198342479643,QZWDD2336449,Spectre Season,1,Spectre Season,Artifact,Artifact,DirtySnatcha Records Publishing (ASCAP),Writer / Composer - Jack Davies,Jack Davies,DirtySnatcha Records,EDM Spotlight,,,Electronic > Dubstep,English,$0.70 ($0.99 SLRP) - T2,,,,,,,English,,,,,,
5/24/2024,DSR134,198342768341,QZTRX2474922,Apple Sowce,1,Apple Sowce,Autokorekt,Autokorekt,LAB10 (BMI),Writer / Composer - Anthony Autolino ,Anthony Autolino,DirtySnatcha Records,EDM Spotlight,,,Electronic > Dubstep,English,$0.70 ($0.99 SLRP) - T2,,,,,,,English,,,,,,
7/28/2023,DSR0098A,198342479759,QZTV32368009,High On Life,1,High On Life,"Autokorekt, Ashclappem","Autokorekt, Ashclappem",LAB10 (BMI),"Lyricist - Nathan Christie, Writer / Composer - Anthony Autolino",Anthony Autolino,DirtySnatcha Records,EDM Spotlight,,,Electronic > Dubstep,English,$0.70 ($0.99 SLRP) - T2,,,,,,,English,,,,,,
12/6/2021,DSR0046A,198342492215,GBWUL2192863,Out Of Service,1,Out Of Service,"Autokorekt, ChemDawg, Versace","Autokorekt, ChemDawg, Versace",LAB10 (BMI),"Writer / Composer - Anthony Autolino, Ian Moses, Joshua Versace McCarthy",,DirtySnatcha Records,EDM Spotlight,,,Electronic > Dubstep,English,$0.70 ($0.99 SLRP) - T2,,,,,,,English,,,,,,
2/10/2020,DSR0006A,198342476338,GBWUL2023530,Game Time,1,Game Time,"Autokorekt, Eazley, Rico Act","Autokorekt, Eazley, Rico Act",LAB10 (BMI),"Writer / Composer - Anthony Autolino, Alfred Mcgrew Rico, Terrel Koivu","Anthony Autolino, Alfred Mcgrew Rico, Terrel Koivu",DirtySnatcha Records,EDM Spotlight,,,Electronic > Dubstep,English,$0.70 ($0.99 SLRP) - T2,,,,,,,English,,,,,,
11/24/2023,DSR112,197999456380,QZZ8B2315613,Killas,1,Killas,"Bandido, TMBRWLF","Bandido, TMBRWLF",DirtySnatcha Records Publishing (ASCAP),"Writer / Composer - Aaron Lopez, Andrew Potter","Aaron Lopez, Andrew Potter",DirtySnatcha Records,EDM Spotlight,,,Electronic > Dubstep,English,$0.70 ($0.99 SLRP) - T2,,,,,,,English,,,,,,
9/30/2022,DSR0075A,198342502624,QZTRX2279102,MAYKYU,1,MAYKYU,"BANXY, SHOCKZ","BANXY, SHOCKZ",DirtySnatcha Records Publishing (ASCAP),"Writer / Composer - Tanner Swithenbank, Jordon Ainger",,DirtySnatcha Records,EDM Spotlight,,,Electronic > Dubstep,English,$0.70 ($0.99 SLRP) - T2,,,,,,,English,,,,,,
2/23/2024,DSR120,197999919410,QZ5FN2461919,The Tundra,1,iDISTORT,Barooka,Barooka,DirtySnatcha Records Publishing (ASCAP),"Writer / Composer - Michael Zachary Thomas, Mike Silva","Michael Zachary Thomas, Mike Silva",DirtySnatcha Records,EDM Spotlight,,,Electronic > Dubstep,English,,,,,,,,English,,,,,,
2/23/2024,DSR120,197999919410,QZ5FN2461916,The Tundra,2,Pressure,Barooka,Barooka,DirtySnatcha Records Publishing (ASCAP),"Writer / Composer - Michael Zachary Thomas, Mike Silva","Michael Zachary Thomas, Mike Silva",DirtySnatcha Records,EDM Spotlight,,,Electronic > Dubstep,English,,,,,,,,English,,,,,,
2/23/2024,DSR120,197999919410,QZ5FN2445584,The Tundra,3,Screechboi,Barooka,Barooka,DirtySnatcha Records Publishing (ASCAP),"Writer / Composer - Michael Zachary Thomas, Mike Silva","Michael Zachary Thomas, Mike Silva",DirtySnatcha Records,EDM Spotlight,,,Electronic > Dubstep,English,,,,,,,,English,,,,,,
2/23/2024,DSR120,197999919410,QZ5FN2445564,The Tundra,4,Icepick,Barooka,Barooka,DirtySnatcha Records Publishing (ASCAP),"Writer / Composer - Michael Zachary Thomas, Mike Silva","Michael Zachary Thomas, Mike Silva",DirtySnatcha Records,EDM Spotlight,,,Electronic > Dubstep,English,,,,,,,,English,,,,,,
9/15/2023,DSR0096A,198342479889,QZTV32366095,Black & Gold,1,Eight Six,BBX,BBX,LAB10 (BMI),Writer / Composer - Jordan Reid,Joran Reid,DirtySnatcha Records,EDM Spotlight,,,Electronic > Dubstep,English,,,,,,,,English,,,,,,
9/15/2023,DSR0096A,198342479889,QZTV32366677,Black & Gold,2,Black & Gold,BBX,BBX,LAB10 (BMI),Writer / Composer - Jordan Reid,Joran Reid,DirtySnatcha Records,EDM Spotlight,,,Electronic > Dubstep,English,,,,,,,,English,,,,,,
9/15/2023,DSR0096A,198342479889,QZTV32366682,Black & Gold,3,Shook,BBX,BBX,LAB10 (BMI),Writer / Composer - Jordan Reid,Joran Reid,DirtySnatcha Records,EDM Spotlight,,,Electronic > Dubstep,English,,,,,,,,English,,,,,,
9/15/2023,DSR0096A,198342479889,QZTV32366684,Black & Gold,4,Crushed Glass,BBX,BBX,LAB10 (BMI),Writer / Composer - Jordan Reid,Joran Reid,DirtySnatcha Records,EDM Spotlight,,,Electronic > Dubstep,English,,,,,,,,English,,,,,,
2/4/2022,DSR0049A,198342494684,QZ5FN2235968,WESTCOAST,1,WESTCOAST,"BBX, Geeku","BBX, Geeku",LAB10 (BMI),"Writer / Composer - Jordan J. Reid, Nakeem Richardson",,DirtySnatcha Records,EDM Spotlight,,,Electronic > Dubstep,English,$0.70 ($0.99 SLRP) - T2,,,,,,,English,,,,,,
6/15/2022,DSR0068A,198342504765,GBRKQ2245736,SASORI,1,SASORI,"BBX, Geeku","BBX, Geeku",LAB10 (BMI),"Writer / Composer - Jordan J. Reid, Nakeem Richardson",,DirtySnatcha Records,EDM Spotlight,,,Electronic > Dubstep,English,$0.70 ($0.99 SLRP) - T2,,,,,,,English,,,,,,
12/1/2021,DSR0045A,198342492208,GBWUL2171015,LIGMA,1,LIGMA,"BBX, Jonomatic, Geeku","BBX, Jonomatic, Geeku",LAB10 (BMI),"Writer / Composer - Jordan J. Reid, Jonathan Ely, Nakeem Richardson",,DirtySnatcha Records,EDM Spotlight,,,Electronic > Dubstep,English,$0.70 ($0.99 SLRP) - T2,,,,,,,English,,,,,,
5/26/2023,DSR0091A,198342480038,GBWUL2349330,FTI,1,FTI,"BBX, Meechie Murda, Geeku","BBX, Meechie Murda, Geeku",LAB10 (BMI),"Writer / Composer - Jordan Reid, Demetrius Luster, Nakeem Richardson","Jordan Reid, Demetrius Luster, Nakeem Richardson",DirtySnatcha Records,EDM Spotlight,,,Electronic > Dubstep,English,$0.70 ($0.99 SLRP) - T2,,,,,,,English,,,,,,
4/12/2024,DSR131,198342356135,GBRKQ2471312,WTF,1,WTF,"BBX, Sloth","BBX, Sloth",LAB10 (BMI),"Writer / Composer - Jordan Reid, Brandon Baichoo","Jordan Reid, Brandon Baichoo",DirtySnatcha Records,EDM Spotlight,,,Electronic > Dubstep,English,$0.70 ($0.99 SLRP) - T2,,,,,,,English,,,,,,
7/6/2020,DSR0018A,198342478196,QZ5FN2040117,Outta Here,1,Outta Here,"BENZO$, Rico Act","BENZO$, Rico Act",LAB10 (BMI),"Writer / Composer - Cameron Benzel, Terrel Koivu","Cameron Benzel, Terrel Koivu",DirtySnatcha Records,EDM Spotlight,,,Electronic > Dubstep,English,$0.70 ($0.99 SLRP) - T2,,,,,,,English,,,,,,
3/8/2024,DSR125,198342036334,USLZJ2403314,Operator Error,2,Weed Spot,Big City,Big City,DirtySnatcha Records Publishing (ASCAP),"Writer / Composer - Michael Moreno, Zachary Moreno","Michael Moreno, Zachary Moreno",DirtySnatcha Records,EDM Spotlight,,,Electronic > Dubstep,English,,,,,,,,English,,,,,,
3/8/2024,DSR125,198342036334,USLZJ2403328,Operator Error,4,Operator Error,Big City,Big City,DirtySnatcha Records Publishing (ASCAP),"Writer / Composer - Michael Moreno, Zachary Moreno","Michael Moreno, Zachary Moreno",DirtySnatcha Records,EDM Spotlight,,,Electronic > Dubstep,English,,,,,,,,English,,,,,,
3/8/2024,DSR125,198342036334,USLZJ2403319,Operator Error,1,No Problems!,"Big City, Tonzology","Big City, Tonzology",DirtySnatcha Records Publishing (ASCAP),"Writer / Composer - Michael Moreno, Zachary Moreno Writer - Anthony West","Michael Moreno, Zachary Moreno",DirtySnatcha Records,EDM Spotlight,,,Electronic > Dubstep,English,,,,,,,,English,,,,,,
3/8/2024,DSR125,198342036334,USLZJ2403323,Operator Error,3,Rat Patrol,"Big City, Tonzology","Big City, Tonzology",DirtySnatcha Records Publishing (ASCAP),"Writer / Composer - Michael Moreno, Zachary Moreno Writer - Anthony West","Michael Moreno, Zachary Moreno",DirtySnatcha Records,EDM Spotlight,,,Electronic > Dubstep,English,,,,,,,,English,,,,,,
10/28/2019,DSR0002A,198342475034,GBWUL1910254,Arachnophobia,1,Arachnophobia,Blue,Blue,LAB10 (BMI),"Writer / Composer - Nicholas Engelhardt, Shahram Fouladgar",Chris harris,DirtySnatcha Records,EDM Spotlight,,,Electronic > Dubstep,English,$0.70 ($0.99 SLRP) - T2,,,,,,,English,,,,,,
10/31/2019,DSR002A,198342475072,GBWUL1910254,Arachnophobia,1,Arachnophobia,Blue,Blue,LAB10 (BMI),"Writer / Composer - Nicholas Engelhardt, Shahram Fouladgar","Nicholas Engelhardt, Shahram Fouladgar",DirtySnatcha Records,EDM Spotlight,,,Electronic > Dubstep,English,$0.70 ($0.99 SLRP) - T2,,,,,,,English,,,,,,
3/15/2024,DSR129,198342095089,USLZJ2430079,Clean Slate,1,Clean Slate,"Blue, JHornz","Blue, JHornz",LAB10 (BMI),"Composer - Christopher M. Harris, Writer Justin Hornis",Christopher M Harris,DirtySnatcha Records,EDM Spotlight,,,Electronic > Dubstep,English,$0.70 ($0.99 SLRP) - T2,,,,,,,English,,,,,,
9/24/2021,DSR0043A,198342492130,GBWUL2118332,Radiance,1,Radiance,BOU$HY,BOU$HY,LAB10 (BMI),Writer / Composer - Alfred Rice,,DirtySnatcha Records,EDM Spotlight,,,Electronic > Dubstep,English,$0.70 ($0.99 SLRP) - T2,,,,,,,English,,,,,,
1/17/2022,DSR0048A,198342494042,QZ5FN2216262,Big Body,1,Big Body,"BOU$HY, Eazley","BOU$HY, Eazley",LAB10 (BMI),"Writer / Composer - Max Bouchard, Alfred Rice",,DirtySnatcha Records,EDM Spotlight,,,Electronic > Dubstep,English,$0.70 ($0.99 SLRP) - T2,,,,,,,English,,,,,,
1/6/2023,DSR0085A,198342497777,QZ5FN2303913,Bad Vibes,1,Bad Vibes,"Brakkit, Dassim","Brakkit, Dassim",LAB10 (BMI),"Writer / Composer - Bailey Robert Annear, Jack Daskal",,DirtySnatcha Records,EDM Spotlight,,,Electronic > Dubstep,English,$0.70 ($0.99 SLRP) - T2,,,,,,,English,,,,,,
6/8/2022,DSR0065,195729869653,GBRKQ2234993,As I Am,1,As I Am,"Cabuizee, Raddix","Cabuizee, Raddix",LAB10 (BMI),"Writer / Composer - Micahel Jared Caabay, Joshua Lloyd Martin","Micahel Jared Caabay, Joshua Lloyd Martin",DirtySnatcha Records,EDM Spotlight,,,Electronic > Dubstep,English,$0.70 ($0.99 SLRP) - T2,,,,,,,English,,,,,,
6/17/2022,DSR0069A,198342504413,GBRKQ2245754,As I Am,1,As I Am,"Cabuizee, Raddix","Cabuizee, Raddix",LAB10 (BMI),"Writer / Composer - Micahel Jared Caabay, Joshua Lloyd Martin",,DirtySnatcha Records,EDM Spotlight,,,Electronic > Dubstep,English,$0.70 ($0.99 SLRP) - T2,,,,,,,English,,,,,,
5/20/2022,DSR0052A,198342500170,USLZJ2292920,TELEKINESE,1,Telekinese,"CHACKK, Kamas","CHACKK, Kamas",LAB10 (BMI),"Writer / Composer - Jannik Kairies, Henry Rolfe",,DirtySnatcha Records,EDM Spotlight,,,Electronic > Dubstep,English,$0.70 ($0.99 SLRP) - T2,,,,,,,English,,,,,,
5/18/2020,DSR0014A,198342476703,QZ5FN2002317,Do It,1,Do It,Champagne Poppers,Champagne Poppers,LAB10 (BMI),Writer / Composer - Carson Reid Johnson,Cason Reid Johnson,DirtySnatcha Records,EDM Spotlight,,,Electronic > Dubstep,English,$0.70 ($0.99 SLRP) - T2,,,,,,,English,,,,,,
6/30/2021,DSR0040A,198342491591,GBRKQ2120796,Red Sky,1,Red Sky,Champagne Poppers,Champagne Poppers,LAB10 (BMI),Writer / Composer - Carson Reid Johnson,,DirtySnatcha Records,EDM Spotlight,,,Electronic > Dubstep,English,$0.70 ($0.99 SLRP) - T2,,,,,,,English,,,,,,
5/1/2020,DSR0010A,198342476673,GBWUL2081365,Run It Up,1,Run It Up,"CHRMNDRS, FutureExit","CHRMNDRS, Future Exit",LAB10 (BMI),"Writer / Composer - Christopher Legris, William Kourie","Christopher Legris, William Kourie",DirtySnatcha Records,EDM Spotlight,,,Electronic > Dubstep,English,$0.70 ($0.99 SLRP) - T2,,,,,,,English,,,,,,
11/2/2021,DSR0044A,198342492154,GBWUL2158623,Giving Up VIP,1,Giving Up VIP,"CHRMNDRS, SEEING\\DOUBLE","CHRMNDRS, SEEING\\DOUBLE",LAB10 (BMI),"Writer / Composer - Christopher Legris, Panagiotis Karzis",,DirtySnatcha Records,EDM Spotlight,,,Electronic > Dubstep,English,$0.70 ($0.99 SLRP) - T2,,,,,,,English,,,,,,
10/16/2020,DSR0025A,198342478691,USLZJ2046457,Hyper Drive,1,Hyper Drive,Contakt,Contakt,DirtySnatcha Records Publishing (ASCAP),Writer / Composer - Aiden Lynch,Aiden Lynch,DirtySnatcha Records,EDM Spotlight,,,Electronic > Dubstep,English,$0.70 ($0.99 SLRP) - T2,,,,,,,English,,,,,,
9/26/2023,DSR0102,197999026187,QZWDE2357423,WDGAF,1,WDGAF,CRiiOZ,CRiiOZ,LAB10 (BMI),Writer / Composer - Colton Maynard,Colton Maynard,DirtySnatcha Records,EDM Spotlight,,,Electronic > Dubstep,English,$0.70 ($0.99 SLRP) - T2,,,,,,,English,,,,,,
2/16/2024,DSR127,198342042182,USLZJ2405562,Tartarus,1,In The Walls,CRiiOZ,CRiiOZ,LAB10 (BMI),Writer / Composer - Colton Maynard,Colton Maynard,DirtySnatcha Records,EDM Spotlight,,,Electronic > Dubstep,English,,,,,,,,English,,,,,,
2/16/2024,DSR127,198342042182,USLZJ2405588,Tartarus,2,Watch Out,CRiiOZ,CRiiOZ,LAB10 (BMI),Writer / Composer - Colton Maynard,Colton Maynard,DirtySnatcha Records,EDM Spotlight,,,Electronic > Dubstep,English,,,,,,,,English,,,,,,
2/16/2024,DSR127,198342042182,USLZJ2405591,Tartarus,4,Trust,CRiiOZ,CRiiOZ,LAB10 (BMI),Writer / Composer - Colton Maynard,Colton Maynard,DirtySnatcha Records,EDM Spotlight,,,Electronic > Dubstep,English,,,,,,,,English,,,,,,
2/16/2024,DSR127,198342042182,USLZJ2405592,Tartarus,5,Let Go,CRiiOZ,CRiiOZ,LAB10 (BMI),Writer / Composer - Colton Maynard,Colton Maynard,DirtySnatcha Records,EDM Spotlight,,,Electronic > Dubstep,English,,,,,,,,English,,,,,,
2/16/2024,DSR127,198342042182,USLZJ2405590,Tartarus,3,Psycho,"CRiiOZ, DSTRTN","CRiiOZ, DSTRTN",LAB10 (BMI),"Writer / Composer - Colton Maynard, Bryden Turcotte","Colton Maynard, Bryden Turcotte",DirtySnatcha Records,EDM Spotlight,,,Electronic > Dubstep,English,,,,,,,,English,,,,,,
8/12/2022,DSR0063A,198342507926,GBRKQ2204805,Apparition,1,Apparition,CVLVALRI,CVLVALRI,DirtySnatcha Records Publishing (ASCAP),Writer / Composer - Leo Alecsis Gabriel Dalipe,,DirtySnatcha Records,EDM Spotlight,,,Electronic > Dubstep,English,$0.70 ($0.99 SLRP) - T2,,,,,,,English,,,,,,
7/1/2022,DSR0064A,198342508046,GBRKQ2211179,Riptide,1,Riptide,"David Vance, Blue","David Vance, Blue",LAB10 (BMI),"Writer / Composer - David Austin Vance, Christopher Michael Harris",,DirtySnatcha Records,EDM Spotlight,,,Electronic > Dubstep,English,$0.70 ($0.99 SLRP) - T2,,,,,,,English,,,,,,
7/4/2022,DSR0062A,198342507902,GBRKQ2204623,Riddim Whistle,1,Riddim Whistle,DENNETT,DENNETT,LAB10 (BMI),Writer / Composer - Denny Kouri,,DirtySnatcha Records,EDM Spotlight,,,Electronic > Dubstep,English,$0.70 ($0.99 SLRP) - T2,,,,,,,English,,,,,,
9/9/2022,DSR0074A,198342502969,QZTRX2237730,Fog Horn,1,Fog Horn,DENNETT,DENNETT,DirtySnatcha Records Publishing (ASCAP),Writer / Composer - Denny Kouri,,DirtySnatcha Records,EDM Spotlight,,,Electronic > Dubstep,English,$0.70 ($0.99 SLRP) - T2,,,,,,,English,,,,,,
12/2/2022,DSR0083A,198342499863,QZWDD2263373,Keep Moving,1,"Keep Moving (Aelius,  Voyager,  Wilco Beats Remix)","DirtySnatcha, Aelius, Voyager, Wilco Beats",DirtySnatcha,LAB10 (BMI),Writer / Composer - Leigh Bray,,DirtySnatcha Records,EDM Spotlight,,,Electronic > Dubstep,English,$0.70 ($0.99 SLRP) - T2,,,,,,,English,,,,,,
10/6/2023,DSR0104,197999143198,QZWV32320452,Keep Moving,1,Keep Moving (Audigy Remix),"DirtySnatcha, Audigy",DirtySnatcha,LAB10 (BMI),Writer / Composer - Leigh Bray,Leigh Bray,DirtySnatcha Records,EDM Spotlight,,,Electronic > Dubstep,English,$0.70 ($0.99 SLRP) - T2,,,,,,,English,,,,,,
1/8/2021,DSR0033A,198342491317,QZ5FN2114150,Need U,1,Need U (Dobadlyy Remix),"DirtySnatcha, Autokorekt, Dobadlyy","DirtySnatcha, Autokorekt",LAB10 (BMI),"Writer / Composer - Leigh Bray, Anthony Autolino","Leigh Bray, Anthony Autolino",DirtySnatcha Records,EDM Spotlight,,,Electronic > Dubstep,English,$0.70 ($0.99 SLRP) - T2,,,,,,,English,,,,,,
11/18/2022,DSR0082A,198342500538,QZWDD2263341,Need U,1,Need U (Ennaut Remix),"DirtySnatcha, Autokorekt, Ennaut","DirtySnatcha, Autokorekt",LAB10 (BMI),"Writer / Composer - Leigh Bray, Anthony Autolino",,DirtySnatcha Records,EDM Spotlight,,,Electronic > Dubstep,English,$0.70 ($0.99 SLRP) - T2,,,,,,,English,,,,,,
11/15/2019,DSR0003A,198342475133,GBWUL1920889,Westside Rollin,1,Westside Rollin (CHRMNDRS Remix),"DirtySnatcha, CHRMNDRS",DirtySnatcha,LAB10 (BMI),Writer / Composer - Leigh Bray,Leigh Bray,DirtySnatcha Records,EDM Spotlight,,,Electronic > Dubstep,English,$0.70 ($0.99 SLRP) - T2,,,,,,,English,,,,,,
4/19/2024,DSR132,198342437506,GBWUL2407705,Genie In a Bottle,1,Genie In a Bottle,"DirtySnatcha, Luci","DirtySnatcha, Luci",LAB10 (BMI),"Songwriter - Pam Sheyne, David Frank, Steve Kipner",Leigh Bray,DirtySnatcha Records,EDM Spotlight,,,Electronic > Dubstep,English,$0.70 ($0.99 SLRP) - T2,,,,,,,English,,,,,,
5/31/2022,DSR0056A,198342500286,USLZJ2297741,GO MAD,1,GO MAD,"DSTRTN, CRiiOZ","DSTRTN, CRiiOZ",LAB10 (BMI),"Writer / Composer - Neil Brydon Turcotte, Colton Daniel Maynard",,DirtySnatcha Records,EDM Spotlight,,,Electronic > Dubstep,English,$0.70 ($0.99 SLRP) - T2,,,,,,,English,,,,,,
8/17/2020,DSR0023A,198342478653,QZ5FN2097747,Loose It,1,Loose It,"Eazley, Autokorekt","Eazley, Autokorekt",LAB10 (BMI),"Writer / Composer - Anthony Autolino, Alfred Mcgrew Rico","Anthony Autolino, Alfred Mcgrew Rico",DirtySnatcha Records,EDM Spotlight,,,Electronic > Dubstep,English,$0.70 ($0.99 SLRP) - T2,,,,,,,English,,,,,,
6/21/2021,DSR0039A,198342491560,GBRKQ2109631,Loose It,1,Loose It (BOU$HY Remix),"Eazley, Autokorekt, BOU$HY","Eazley, Autokorekt",LAB10 (BMI),"Writer / Composer - Alfred Mcgrew Rice, Anthony Autolino, ",,DirtySnatcha Records,EDM Spotlight,,,Electronic > Dubstep,English,$0.70 ($0.99 SLRP) - T2,,,,,,,English,,,,,,
2/11/2022,DSR0050A,198342494790,QZ5FN2248162,Always Got Me,1,Always Got Me,Ennaut,Ennaut,LAB10 (BMI),Writer / Composer - Jason Moss,,DirtySnatcha Records,EDM Spotlight,,,Electronic > Dubstep,English,$0.70 ($0.99 SLRP) - T2,,,,,,,English,,,,,,
6/3/2022,DSR0054A,198342500231,USLZJ2296710,Terror,1,Terror,Ennaut,Ennaut,LAB10 (BMI),Writer / Composer - Jason Moss,,DirtySnatcha Records,EDM Spotlight,,,Electronic > Dubstep,English,$0.70 ($0.99 SLRP) - T2,,,,,,,English,,,,,,
5/19/2023,DSR0090A,198342480076,GBWUL2335001,Drop,1,Drop,Ennaut,Ennaut,DirtySnatcha Records Publishing (ASCAP),Writer / Composer - Jason Moss,,DirtySnatcha Records,EDM Spotlight,,,Electronic > Dubstep,English,$0.70 ($0.99 SLRP) - T2,,,,,,,English,,,,,,
6/7/2024,DSR135,198342816899,QZTV32404283,Wasting Time With You,1,Wasting Time Wih You,Ennaut,Ennaut,DirtySnatcha Records Publishing (ASCAP),Writer / Composer - Jason Moss,Jason Moss,DirtySnatcha Records,EDM Spotlight,,,Electronic > Dubstep,English,$0.70 ($0.99 SLRP) - T2,,,,,,,English,,,,,,
12/15/2021,DSR0047A,198342492949,GBWUL2192869,Boss,1,Boss,Entravert,Entravert,LAB10 (BMI),Writer / Composer - Branden Bush,,DirtySnatcha Records,EDM Spotlight,,,Electronic > Dubstep,English,$0.70 ($0.99 SLRP) - T2,,,,,,,English,,,,,,
5/15/2020,DSR0011A,198342476642,GBWUL2080849,Back In The Jeanstalk,1,Back In The Jeanstalk,Fixxer,Fixxer,DirtySnatcha Records Publishing (ASCAP),Writer / Composer - Sam Soheil Emille Haghbedeh,Sam Soheil Emille Haghbedeh,DirtySnatcha Records,EDM Spotlight,,,Electronic > Dubstep,English,$0.70 ($0.99 SLRP) - T2,,,,,,,English,,,,,,
12/21/2020,DSR0031A,198342491294,GBRKQ2041356,Bluntz,1,Bluntz,"Flatland Funk, Blupill","Flatland Funk, Blupill",LAB10 (BMI),"Writer / Composer - JAMES  DANIEL BARTAKE, Jared Anderson","JAMES DANIEL BARTAKE, Jared Anderson",DirtySnatcha Records,EDM Spotlight,,,Electronic > Dubstep,English,$0.70 ($0.99 SLRP) - T2,,,,,,,English,,,,,,
12/15/2023,DSR115,197999687128,QZZEB2351140,SLACKA,1,SLACKA,Geeku,Geeku,LAB10 (BMI),Writer / Composer - Nakeem Richardson,Nakeem Richardson,DirtySnatcha Records,EDM Spotlight,,,Electronic > Dubstep,English,$0.70 ($0.99 SLRP) - T2,,,,,,,English,,,,,,
11/21/2023,DSR111,197999449672,QZZ8B2311175,FLATLINE,1,FLATLINE,GOMPERZ,GOMPERZ,DirtySnatcha Records Publishing (ASCAP),Writer / Composer - Tyler Twyford,Tyler Twyford,DirtySnatcha Records,EDM Spotlight,,,Electronic > Dubstep,English,$0.70 ($0.99 SLRP) - T2,,,,,,,English,,,,,,
12/28/2020,DSR0032A,198342491300,GBRKQ2053155,Power Transient,1,Power Transient,Hexadrone,Hexadrone,DirtySnatcha Records Publishing (ASCAP),Writer / Composer - RubÉn Quispe,,DirtySnatcha Records,EDM Spotlight,,,Electronic > Dubstep,English,$0.70 ($0.99 SLRP) - T2,,,,,,,English,,,,,,
1/20/2023,DSR0086A,198342492369,QZ5FN2303924,Take A Trip,1,Take A Trip (DirtySnatcha Remix),"HEXED, Labs, DirtySnatcha","HEXED, Labs",LAB10 (BMI),"Writer / Composer - Michael Gruden, Jeff Mathews, Leigh Bray",,DirtySnatcha Records,EDM Spotlight,,,Electronic > Dubstep,English,$0.70 ($0.99 SLRP) - T2,,,,,,,English,,,,,,
2/26/2021,DSR0036A,198342491515,QZ5FN2170385,The Devil,1,The Devil,Hostyle,Hostyle,LAB10 (BMI),Writer / Composer - Riley Young,,DirtySnatcha Records,EDM Spotlight,,,Electronic > Dubstep,English,$0.70 ($0.99 SLRP) - T2,,,,,,,English,,,,,,
1/3/2020,DSR0004A,198342475331,GBWUL1958037,Bloodthirsty,1,Bloodthirsty,Howker,Howker,DirtySnatcha Records Publishing (ASCAP),Writer / Composer - Braondon Campbell,Brandon Campbell,DirtySnatcha Records,EDM Spotlight,,,Electronic > Dubstep,English,$0.70 ($0.99 SLRP) - T2,,,,,,,English,,,,,,
3/31/2023,DSR0089A,198342492000,USLZJ2376873,FVCK,1,FVCK,Hurting Murphy,Hurting Murphy,LAB10 (BMI),Writer / Composer - Forrest T. Rigdon,,DirtySnatcha Records,EDM Spotlight,,,Electronic > Dubstep,English,$0.70 ($0.99 SLRP) - T2,,,,,,,English,,,,,,
5/27/2022,DSR0053A,198342500118,USLZJ2286474,Radioactivity,1,Radioactivity,In Orbit Dubz,In Orbit Dubz,LAB10 (BMI),Writer / Composer - Simon Shaheen,,DirtySnatcha Records,EDM Spotlight,,,Electronic > Dubstep,English,$0.70 ($0.99 SLRP) - T2,,,,,,,English,,,,,,
11/25/2022,DSR0081A,198342501023,QZWDD2257316,The Back Rooms EP,1,Back Rooms,In Orbit Dubz,In Orbit Dubz,LAB10 (BMI),Writer / Composer - Simon Shaheen,,DirtySnatcha Records,EDM Spotlight,,,Electronic > Dubstep,English,,,,,,,,English,,,,,,
11/25/2022,DSR0081A,198342501023,QZWDD2257318,The Back Rooms EP,2,Fuck It Up,In Orbit Dubz,In Orbit Dubz,LAB10 (BMI),Writer / Composer - Simon Shaheen,,DirtySnatcha Records,EDM Spotlight,,,Electronic > Dubstep,English,,,,,,,,English,,,,,,
11/25/2022,DSR0081A,198342501023,QZWDD2257336,The Back Rooms EP,4,Nightmare,In Orbit Dubz,In Orbit Dubz,LAB10 (BMI),Writer / Composer - Simon Shaheen,,DirtySnatcha Records,EDM Spotlight,,,Electronic > Dubstep,English,,,,,,,,English,,,,,,
12/1/2023,DSR113,197999477019,QZZ8B2327916,Hypnotize,1,Hypnotize,In Orbit Dubz,In Orbit Dubz,LAB10 (BMI),"Writer / Composer - Leigh Bray, Simon Shaheen","Leigh Bray, Simon Shaheen",DirtySnatcha Records,EDM Spotlight,,,Electronic > Dubstep,English,$0.70 ($0.99 SLRP) - T2,,,,,,,English,,,,,,
11/25/2022,DSR0081A,198342501023,QZWDD2257331,The Back Rooms EP,3,Destroy,"In Orbit Dubz, DSTRTN","In Orbit Dubz, DSTRTN",LAB10 (BMI),"Writer / Composer - Simon Shaheen, Neil Bryden Turcotte",,DirtySnatcha Records,EDM Spotlight,,,Electronic > Dubstep,English,,,,,,,,English,,,,,,
2/21/2022,DSR0051A,198342496138,QZ5FN2266737,Dimension,1,Dimension,"In Orbit Dubz, Nein Lives","In Orbit Dubz, Nein Lives",LAB10 (BMI),"Writer / Composer - Simon Shaheen, Derek Frady",,DirtySnatcha Records,EDM Spotlight,,,Electronic > Dubstep,English,$0.70 ($0.99 SLRP) - T2,,,,,,,English,,,,,,
6/12/2020,DSR0017A,198342478158,QZ5FN2032792,Gamma Ray,1,Gamma Ray,JAYSYX,JAYSYX,LAB10 (BMI),Writer / Composer - Jordan McLaughlin,Jordan McLaughlin,DirtySnatcha Records,EDM Spotlight,,,Electronic > Dubstep,English,$0.70 ($0.99 SLRP) - T2,,,,,,,English,,,,,,
8/3/2020,DSR0022A,198342478639,QZ5FN2082238,Break It,1,Break It,JAYSYX,JAYSYX,LAB10 (BMI),Writer / Composer - Jordan McLaughlin,Jordan McLaughlin,DirtySnatcha Records,EDM Spotlight,,,Electronic > Dubstep,English,$0.70 ($0.99 SLRP) - T2,,,,,,,English,,,,,,
11/1/2020,DSR0027A,198342478998,USLZJ2069438,Danger,1,Danger,"JAYSYX, AG","JAYSYX, AG",LAB10 (BMI),"Writer / Composer - Jordan McLaughlin, Andrew Garcia","Jordan McLaughlin, Andrew Garcia",DirtySnatcha Records,EDM Spotlight,,,Electronic > Dubstep,English,$0.70 ($0.99 SLRP) - T2,,,,,,,English,,,,,,
7/19/2021,DSR0041A,198342496428,GBRKQ2133612,Danger,1,Danger (Adam Annella Remix),"JAYSYX, AG, Adam Annella","JAYSYX, AG",LAB10 (BMI),"Writer / Composer - Jordan McLaughlin, Andrew Garcia",,DirtySnatcha Records,EDM Spotlight,,,Electronic > Dubstep,English,,,,,,,,English,,,,,,
7/19/2021,DSR0041A,198342496428,GBRKQ2133620,Danger,4,Danger (Elusion Remix),"JAYSYX, AG, Elusion","JAYSYX, AG",LAB10 (BMI),"Writer / Composer - Jordan McLaughlin, Andrew Garcia",,DirtySnatcha Records,EDM Spotlight,,,Electronic > Dubstep,English,,,,,,,,English,,,,,,
7/19/2021,DSR0041A,198342496428,GBRKQ2133617,Danger,2,Danger (Kamas Remix),"JAYSYX, AG, Kamas","JAYSYX, AG",LAB10 (BMI),"Writer / Composer - Jordan McLaughlin, Andrew Garcia",,DirtySnatcha Records,EDM Spotlight,,,Electronic > Dubstep,English,,,,,,,,English,,,,,,
7/19/2021,DSR0041A,198342496428,GBRKQ2133622,Danger,5,Danger (Kringe Remix),"JAYSYX, AG, Kringe","JAYSYX, AG",LAB10 (BMI),"Writer / Composer - Jordan McLaughlin, Andrew Garcia",,DirtySnatcha Records,EDM Spotlight,,,Electronic > Dubstep,English,,,,,,,,English,,,,,,
7/19/2021,DSR0041A,198342496428,GBRKQ2133619,Danger,3,Danger (Shoku Remix),"JAYSYX, AG, Shoku","JAYSYX, AG",LAB10 (BMI),"Writer / Composer - Jordan McLaughlin, Andrew Garcia",,DirtySnatcha Records,EDM Spotlight,,,Electronic > Dubstep,English,,,,,,,,English,,,,,,
5/6/2021,DSR0038A,198342491553,USLZJ2162863,Death Match,1,Death Match,Joogornot,Joogornot,LAB10 (BMI),Writer / Composer - Willliam Wilson,,DirtySnatcha Records,EDM Spotlight,,,Electronic > Dubstep,English,$0.70 ($0.99 SLRP) - T2,,,,,,,English,,,,,,
5/3/2024,DSR133,198342485866,GBWUL2431903,Whoa,1,Whoa,"KirbyBright, Devious","KirbyBright, Devious",DirtySnatcha Records Publishing (ASCAP),"Writer / Composer - Kirby Bright, Writer/ Composer - Sean Bannard","Kirby Bright, Sean Bannard",DirtySnatcha Records,EDM Spotlight,,,Electronic > Dubstep,English,$0.70 ($0.99 SLRP) - T2,,,,,,,English,,,,,,
1/17/2020,DSR0005A,198342476321,GBWUL2005941,Break Beat,1,Break Beat,Krxnik,Krxnik,DirtySnatcha Records Publishing (ASCAP),Writer / Composer - Michele Failla,Michele Failla,DirtySnatcha Records,EDM Spotlight,,,Electronic > Dubstep,English,$0.70 ($0.99 SLRP) - T2,,,,,,,English,,,,,,
7/20/2020,DSR0019A,198342478202,QZ5FN2071126,Heartbreaker,1,Heartbreaker,Kryture,Kryture,DirtySnatcha Records Publishing (ASCAP),Writer / Composer - Guillaume Boyer,Guillaume Boyer,DirtySnatcha Records,EDM Spotlight,,,Electronic > Dubstep,English,$0.70 ($0.99 SLRP) - T2,,,,,,,English,,,,,,
5/19/2020,DSR0015A,198342476710,QZ5FN2003053,Wake Up,1,Wake Up,LÜC,LÜC,DirtySnatcha Records Publishing (ASCAP),Writer / Composer - Lucas Powers,Lucas Powers,DirtySnatcha Records,EDM Spotlight,,,Electronic > Dubstep,English,$0.70 ($0.99 SLRP) - T2,,,,,,,English,,,,,,
8/5/2022,DSR0071A,198342503812,GBWUL2241457,Most Dangerous,1,Most Dangerous,"Meechie Murda, Geeku, Sinister Bass","Meechie Murda, Geeku, Sinister Bass",LAB10 (BMI),"Writer / Composer - Demetrius Luster, Mark Remil Aco Ocampo, Nakeem Richardson",,DirtySnatcha Records,EDM Spotlight,,,Electronic > Dubstep,English,$0.70 ($0.99 SLRP) - T2,,,,,,,English,,,,,,
8/23/2021,DSR0042A,198342492123,GBRKQ2178616,Fight Time,1,Fight Time,Megahurtz,Megahurtz,LAB10 (BMI),Writer / Composer - Shahram Fouladgar,,DirtySnatcha Records,EDM Spotlight,,,Electronic > Dubstep,English,$0.70 ($0.99 SLRP) - T2,,,,,,,English,,,,,,
7/24/2020,DSR0020A,198342478288,QZ5FN2074245,Riddim Gang,1,Riddim Gang,"Megahurtz, Alienpark","Megahurtz, Alienpark",LAB10 (BMI),"Writer / Composer - Nicholas Engelhardt, Shahram Fouladgar, Terrel Koivu","Nicholas Engelhardt, Shahram Fouladgar, Terrel Koivu",DirtySnatcha Records,EDM Spotlight,,,Electronic > Dubstep,English,$0.70 ($0.99 SLRP) - T2,,,,,,,English,,,,,,
1/11/2021,DSR0029A,198342479070,USLZJ2069505,Acting Out,1,Acting Out,"Megahurtz, Blue, Rico Act","Megahurtz, Blue, Rico Act",LAB10 (BMI),"Writer / Composer - Nicholas Engelhardt, Shahram Fouladgar, Christopher M. Harris, Terrel Koivu","Nicholas Engelhardt, Shahram Fouladgar, Christopher M. Harris, Terrel Koivu",DirtySnatcha Records,EDM Spotlight,,,Electronic > Dubstep,English,$0.70 ($0.99 SLRP) - T2,,,,,,,English,,,,,,
11/17/2023,DSR0110,197999205919,QZWV32351830,Upsurge,2,Feel Like,"Morva, J.A.D.P","Morva, J.A.D.P",DirtySnatcha Records Publishing (ASCAP),"Writer / Composer - Daniel Miller, Lorenzo Puglisi","Daniel Miller, Lorenzo Puglis",DirtySnatcha Records,EDM Spotlight,,,Electronic > Dubstep,English,,,,,,,,English,,,,,,
11/17/2023,DSR0110,197999205919,QZWV32351843,Upsurge,3,Galaxy,"Morva, J.A.D.P","Morva, J.A.D.P",DirtySnatcha Records Publishing (ASCAP),"Writer / Composer - Daniel Miller, Lorenzo Puglisi","Daniel Miller, Lorenzo Puglis",DirtySnatcha Records,EDM Spotlight,,,Electronic > Dubstep,English,,,,,,,,English,,,,,,
11/17/2023,DSR0110,197999205919,QZWV32351851,Upsurge,4,Secrets,"Morva, J.A.D.P","Morva, J.A.D.P",DirtySnatcha Records Publishing (ASCAP),"Writer / Composer - Daniel Miller, Lorenzo Puglisi","Daniel Miller, Lorenzo Puglis",DirtySnatcha Records,EDM Spotlight,,,Electronic > Dubstep,English,,,,,,,,English,,,,,,
11/17/2023,DSR0110,197999205919,QZWV32351912,Upsurge,6,Reborn,"Morva, J.A.D.P","Morva, J.A.D.P",DirtySnatcha Records Publishing (ASCAP),"Writer / Composer - Daniel Miller, Lorenzo Puglisi","Daniel Miller, Lorenzo Puglis",DirtySnatcha Records,EDM Spotlight,,,Electronic > Dubstep,English,,,,,,,,English,,,,,,
11/17/2023,DSR0110,197999205919,QZWDE2358069,Upsurge,1,Solemn,"Morva, J.A.D.P, Darkmagic","Morva, J.A.D.P, Darkmagic",DirtySnatcha Records Publishing (ASCAP),"Writer / Composer - Daniel Miller, Lorenzo Puglisi, David Antenozio","Daniel Miller, Lorenzo Puglisi, David Antenozio",DirtySnatcha Records,EDM Spotlight,,,Electronic > Dubstep,English,,,,,,,,English,,,,,,
11/17/2023,DSR0110,197999205919,QZWV32351872,Upsurge,5,Waiting For,"Morva, J.A.D.P, Nightfrost","Morva, J.A.D.P, Nightfrost",DirtySnatcha Records Publishing (ASCAP),"Writer / Composer - Daniel Miller, Lorenzo Puglisi",,DirtySnatcha Records,EDM Spotlight,,,Electronic > Dubstep,English,,,,,,,,English,,,,,,
2/2/2024,DSR121,197999919441,QZ5FN2445592,Round 2,1,Round 2,"Nekz, Meechie Murda","Nekz, Meechie Murda",DirtySnatcha Records Publishing (ASCAP),"Writer / Composer - Demetrius Luster, Nahuel Ezequiel Cata","Demetrius Luster, Nahuel Ezequiel Cata",DirtySnatcha Records,EDM Spotlight,,,Electronic > Dubstep,English,$0.70 ($0.99 SLRP) - T2,,,,,,,English,,,,,,
2/26/2021,DSR0037A,198342491539,QZ5FN2170480,Tiger Kung Fu,1,Tiger Kung Fu,Neon Tiger,Neon Tiger,DirtySnatcha Records Publishing (ASCAP),Writer / Composer - Royal Thomas,,DirtySnatcha Records,EDM Spotlight,,,Electronic > Dubstep,English,$0.70 ($0.99 SLRP) - T2,,,,,,,English,,,,,,
8/14/2024,DSR136,198622420181,QZWV32419969,Riddimption,1,Riddimption,Nothing x Hurts,Nothing x Hurts,DirtySnatcha Records Publishing (ASCAP),Writer / Composer - Marti Bara,Marti Bara,DirtySnatcha Records,EDM Spotlight,,,Electronic > Dubstep,English,$0.70 ($0.99 SLRP) - T2,,,,,,,English,,,,,,
5/1/2020,DSR0009A,198342476390,GBWUL2080841,Deviate,1,Deviate,"Paragon, Sqishi","Paragon, Sqishi",DirtySnatcha Records Publishing (ASCAP),Writer / Composer - Steven Trey Brackenridge,Steven Trey Brackenridge,DirtySnatcha Records,EDM Spotlight,,,Electronic > Dubstep,English,$0.70 ($0.99 SLRP) - T2,,,,,,,English,,,,,,
9/2/2022,DSR0073A,198342503287,QZTRX2218697,Suffer,1,Suffer,Phobos & Deimos,Phobos & Deimos,DirtySnatcha Records Publishing (ASCAP),"Writer / Composer - Bardy Estevanott, Sebastian Estevanott",,DirtySnatcha Records,EDM Spotlight,,,Electronic > Dubstep,English,$0.70 ($0.99 SLRP) - T2,,,,,,,English,,,,,,
12/9/2022,DSR0084A,198342498040,QZWDD2296532,FLU,1,FLU,PROTOCOL,PROTOCOL,DirtySnatcha Records Publishing (ASCAP),"Writer / Composer - Drew White, Chad Page, Jacob Kramer",,DirtySnatcha Records,EDM Spotlight,,,Electronic > Dubstep,English,$0.70 ($0.99 SLRP) - T2,,,,,,,English,,,,,,
9/18/2020,DSR0024A,198342478684,USLZJ2023938,BIG UPS,1,BIG UPS,"RAZR, VASTIVE","RAZR, VASTIVE",LAB10 (BMI),"Writer / Composer - Joel Hinch, Samuel Rodrigo Vargas","Joel Hinch, Samuel Rodrigo Vargas",DirtySnatcha Records,EDM Spotlight,,,Electronic > Dubstep,English,$0.70 ($0.99 SLRP) - T2,,,,,,,English,,,,,,
8/1/2023,DSR0097A,198342479797,QZTV32366742,Flashback,1,Flashback,Rest N Piecez,Rest N Piecez,DirtySnatcha Records Publishing (ASCAP),Writer / Composer - Chris Smith,Chris Smith,DirtySnatcha Records,EDM Spotlight,,,Electronic > Dubstep,English,$0.70 ($0.99 SLRP) - T2,,,,,,,English,,,,,,
8/11/2023,DSR0100A,198342479698,QZTV32374100,Movin,1,Movin,Rest N Piecez,Rest N Piecez,DirtySnatcha Records Publishing (ASCAP),Writer / Composer - Chris Smith,chris smith,DirtySnatcha Records,EDM Spotlight,,,Electronic > Dubstep,English,$0.70 ($0.99 SLRP) - T2,,,,,,,English,,,,,,
2/12/2021,DSR0035A,198342491348,QZ5FN2153036,Bringing The Bass,1,Bringing The Bass,"Scafetta, Chase The Dream","Scafetta, Chase The Dream",LAB10 (BMI),"Writer / Composer - David Scafetta, Chase Downey",,DirtySnatcha Records,EDM Spotlight,,,Electronic > Dubstep,English,$0.70 ($0.99 SLRP) - T2,,,,,,,English,,,,,,
8/19/2022,DSR0072A,198342503508,GBWUL2257078,Spicy Tune,1,Spicy Tune,"Scafetta, Monsters Everywhere","Scafetta, Monsters Everywhere",LAB10 (BMI),"Writer / Composer - David Scafetta, Andres Cabriel Frutos",,DirtySnatcha Records,EDM Spotlight,,,Electronic > Dubstep,English,$0.70 ($0.99 SLRP) - T2,,,,,,,English,,,,,,
5/25/2022,DSR0055,195729757615,USLZJ2297076,Demons,1,Love Song,"Scafetta, Raddix","Scafetta, Raddix",LAB10 (BMI),"Writer / Composer - David Scafetta, Joshua Lloyd Martin","David Scafetta, Joshua Lloyd Martin",DirtySnatcha Records,EDM Spotlight,,,Electronic > Dubstep,English,$0.70 ($0.99 SLRP) - T2,,,,,,,English,,,,,,
5/25/2022,DSR0058A,198342507834,GBRKQ2203029,Demons,1,Demons,"Scafetta, Raddix","Scafetta, Raddix",LAB10 (BMI),"Writer / Composer - David Scafetta, Joshua Lloyd Martin",,DirtySnatcha Records,EDM Spotlight,,,Electronic > Dubstep,English,$0.70 ($0.99 SLRP) - T2,,,,,,,English,,,,,,
3/20/2020,DSR0007A,198342476352,GBWUL2045907,Rudeboy,1,Rudeboy,"Seeing Double, Kryture","Seeing Double, Kryture",DirtySnatcha Records Publishing (ASCAP),"Writer / Composer - Guillaume Boyer, Peter Karzis","Guillaume Boyer, Peter Karzis",DirtySnatcha Records,EDM Spotlight,,,Electronic > Dubstep,English,$0.70 ($0.99 SLRP) - T2,,,,,,,English,,,,,,
11/20/2020,DSR0028A,198342479049,USLZJ2069504,PTSD,1,PTSD,SHOCKZ,SHOCKZ,DirtySnatcha Records Publishing (ASCAP),Writer / Composer - Jordon Ainger,Jordon Ainger,DirtySnatcha Records,EDM Spotlight,,,Electronic > Dubstep,English,$0.70 ($0.99 SLRP) - T2,,,,,,,English,,,,,,
3/1/2024,DSR128,198342094976,USLZJ2430043,Corneal Abrasion,1,Corneal Abrasion,"Simplifi, Redder","Simplifi, Redder",LAB10 (BMI),"Writer / Composer - Sean Nelson, Jason Chilluffo","Sean Nelson, Jason Chilluffo",DirtySnatcha Records,EDM Spotlight,,,Electronic > Dubstep,English,$0.70 ($0.99 SLRP) - T2,,,,,,,English,,,,,,
12/8/2023,DSR114,197999611932,QZZEB2305800,Maniac,1,Maniac,Sinatra,Sinatra,LAB10 (BMI),Writer / Composer - Timothy Moon,Timothy Moon,DirtySnatcha Records,EDM Spotlight,,,Electronic > Dubstep,English,$0.70 ($0.99 SLRP) - T2,,,,,,,English,,,,,,
6/10/2022,DSR0059A,198342507872,GBRKQ2204541,Love,1,Love,Sinister Bass,Sinister Bass,LAB10 (BMI),Writer / Composer - Mark Remwil A. Ocampo,,DirtySnatcha Records,EDM Spotlight,,,Electronic > Dubstep,English,$0.70 ($0.99 SLRP) - T2,,,,,,,English,,,,,,
7/8/2022,DSR0060A,198342507896,GBRKQ2204555,Liquidator,1,Liquidator,Sinister Bass,Sinister Bass,DirtySnatcha Records Publishing (ASCAP),Writer / Composer - Mark Remwil A. Ocampo,,DirtySnatcha Records,EDM Spotlight,,,Electronic > Dubstep,English,$0.70 ($0.99 SLRP) - T2,,,,,,,English,,,,,,
3/24/2023,DSR0087A,198342492253,USLZJ2310807,Stepbro,1,Stepbro,"SkInZ, Chase The Dream","SkInZ, Chase The Dream",LAB10 (BMI),"Writer / Composer - Blake Skinner, Chase Downey",,DirtySnatcha Records,EDM Spotlight,,,Electronic > Dubstep,English,$0.70 ($0.99 SLRP) - T2,,,,,,,English,,,,,,
1/22/2021,DSR0034A,198342491324,QZ5FN2121223,Clapped,1,Clapped,"SkInZ, Emmbers","SkInZ, Emmbers",LAB10 (BMI),"Writer / Composer - Blake Skinner, Victoria Hill",,DirtySnatcha Records,EDM Spotlight,,,Electronic > Dubstep,English,$0.70 ($0.99 SLRP) - T2,,,,,,,English,,,,,,
1/12/2024,DSR116,197999855442,QZ5FN2416543,Game,1,Game,"Sloth, CHACKK","Sloth, CHACKK",DirtySnatcha Records Publishing (ASCAP),"Writer / Composer - Brandon Baichoo, Jannik Kairies","Brandon Baichoo, Jannik Kairies",DirtySnatcha Records,EDM Spotlight,,,Electronic > Dubstep,English,$0.70 ($0.99 SLRP) - T2,,,,,,,English,,,,,,
4/24/2020,DSR0008A,198342476383,GBWUL2075629,Chin Check,1,Chin Check,Spiritual Gangsters,Spiritual Gangsters,DirtySnatcha Records Publishing (ASCAP),Writer / composer - Derek Glowacki ,Derek Glowacki,DirtySnatcha Records,EDM Spotlight,,,Electronic > Dubstep,English,$0.70 ($0.99 SLRP) - T2,,,,,,,English,,,,,,
10/18/2019,DSR0001A,198342464809,GBWUL1907096,Dodge Ball,1,Dodge Ball,Toast,Toast,DirtySnatcha Records Publishing (ASCAP),Writer / Composer - Gabriel Painchaud,Gabriel Painchaud,DirtySnatcha Records,EDM Spotlight,,,Electronic > Dubstep,English,$0.70 ($0.99 SLRP) - T2,,,,2019 DirtySnatcha Records,2019 DirtySnatcha Records,,English,,,,,,
5/23/2022,DSR0057A,198342501160,GBRKQ2202745,Scorpion,1,Scorpion,Torcha,Torcha,LAB10 (BMI),Writer / Composer - Mike Gomes,,DirtySnatcha Records,EDM Spotlight,,,Electronic > Dubstep,English,$0.70 ($0.99 SLRP) - T2,,,,2022 DirtySnatcha Records,2022 DirtySnatcha Records,,English,,,,,,
4/5/2024,DSR130B,198342555309,GBRKQ2472806,No Traces,1,No Traces,"Trenches (US), Virg™","Trenches (US), Virg™",DirtySnatcha Records Publishing (ASCAP),"Composer - Tanner Sagle, Writer Virdell Robinson III",,DirtySnatcha Records,EDM Spotlight,,,Electronic > Dubstep,English,$0.70 ($0.99 SLRP) - T2,,,,2024 DirtySnatcha Records,2024 DirtySnatcha Records,,English,,,,,,
4/5/2024,DSR130,198342361740,GBRKQ2472806,No Traces,1,No Traces,"Trenches, Virg™","Trenches, Virg™",DirtySnatcha Records Publishing (ASCAP),"Composer - Tanner Sagle, Writer Virdell Robinson III",Tanner Sagle,DirtySnatcha Records,EDM Spotlight,,,Electronic > Dubstep,English,$0.70 ($0.99 SLRP) - T2,,,,2024 DirtySnatcha Records,2024 DirtySnatcha Records,,English,,,,,,
8/28/2020,DSR0021A,198342478707,QZ5FN2075138,All In,1,All In,TruFeelz,TruFeelz,LAB10 (BMI),Writer / Composer - Matthew Casey Thornton,Matthew Casey Thornton,DirtySnatcha Records,EDM Spotlight,,,Electronic > Dubstep,English,$0.70 ($0.99 SLRP) - T2,,,,2020 DirtySnatcha Records,2020 DirtySnatcha Records,,English,,,,,,
6/6/2022,DSR0061A,198342508053,GBRKQ2224624,Torture,1,Torture,"Twisted, Chutez & Ladderz, R3mark","Twisted, Chutez & Ladderz, R3mark",LAB10 (BMI),"Writer / Composer - Chad Page, Drew White, Jacob Kramer",,DirtySnatcha Records,EDM Spotlight,,,Electronic > Dubstep,English,$0.70 ($0.99 SLRP) - T2,,,,2022 DirtySnatcha Records,2022 DirtySnatcha Records,,English,,,,,,
6/13/2022,DSR0066A,198342508060,GBRKQ2245602,Fate,1,Fate,"Twisted, Chutez & Ladderz, R3mark","Twisted, Chutez & Ladderz, R3mark",LAB10 (BMI),"Writer / Composer - Chad Page, Drew White, Jacob Kramer",,DirtySnatcha Records,EDM Spotlight,,,Electronic > Dubstep,English,$0.70 ($0.99 SLRP) - T2,,,,2022 DirtySnatcha Records,2022 DirtySnatcha Records,,English,,,,,,
6/20/2022,DSR0067A,198342508084,GBRKQ2245644,Half Life,1,Half Life,"Twisted, Chutez & Ladderz, R3mark","Twisted, Chutez & Ladderz, R3mark",LAB10 (BMI),"Writer / Composer - Chad Page, Drew White, Jacob Kramer",,DirtySnatcha Records,EDM Spotlight,,,Electronic > Dubstep,English,$0.70 ($0.99 SLRP) - T2,,,,2022 DirtySnatcha Records,2022 DirtySnatcha Records,,English,,,,,,
10/23/2020,DSR0026A,198342478967,USLZJ2046489,Spacecraft,1,Spacecraft,Whiskers,Whiskers,LAB10 (BMI),Writer / Composer - Nathon Allen Berndt,Nathon Allen Berndt,DirtySnatcha Records,EDM Spotlight,,,Electronic > Dubstep,English,$0.70 ($0.99 SLRP) - T2,,,,2020 DirtySnatcha Records,2020 DirtySnatcha Records,,English,,,,,,
5/8/2020,DSR0012A,198342476697,GBWUL2083817,Turn It Up,1,Turn It Up,Yunit,Yunit,DirtySnatcha Records Publishing (ASCAP),Writer / Composer - David Chapman,David Chapman,DirtySnatcha Records,EDM Spotlight,,,Electronic > Dubstep,English,$0.70 ($0.99 SLRP) - T2,,,,2020 DirtySnatcha Records,2020 DirtySnatcha Records,,English,,,,,,
5/22/2020,DSR0016A,198342478141,QZ5FN2003847,Demon Hunter,1,Demon Hunter,Zubah,Zubah,LAB10 (BMI),Writer / Composer - Theo Zubah,Theo Zubah,DirtySnatcha Records,EDM Spotlight,,,Electronic > Dubstep,English,$0.70 ($0.99 SLRP) - T2,,,,2020 DirtySnatcha Records,2020 DirtySnatcha Records,,English,,,,,,
3/3/2023,DSR0088A,198342492161,USLZJ2318255,Wompem,1,Wompem,ZURGLIN,ZURGLIN,DirtySnatcha Records Publishing (ASCAP),Writer / Composer - Michael Delvenne,,DirtySnatcha Records,EDM Spotlight,,,Electronic > Dubstep,English,$0.70 ($0.99 SLRP) - T2,,,,2023 DirtySnatcha Records,2023 DirtySnatcha Records,,English,,,,,,
8/4/2023,DSR0099A,198342479735,QZTV32373987,Back Seat,1,Back Seat,ZURGLIN,ZURGLIN,DirtySnatcha Records Publishing (ASCAP),Writer / Composer - Michael Delvenne,Michael Delvenne,DirtySnatcha Records,EDM Spotlight,,,Electronic > Dubstep,English,$0.70 ($0.99 SLRP) - T2,,,,2023 DirtySnatcha Records,2023 DirtySnatcha Records,,English,,,,,,
